State,Institution,Institution Type,Type of Discrimination,Open Investigation Date
AK,UNIVERSITY OF ALASKA - FAIRBANKS,PSE,Title IX - Sexual Harassment,1/19/2017
AL,ALABAMA A & M UNIVERSITY,PSE,Title IX - Retaliation,8/24/2016
AL,ALABAMA A & M UNIVERSITY,PSE,Title IX - Sexual Violence,8/24/2016
AL,AUBURN UNIVERSITY MAIN CAMPUS,PSE,Title IX - Denial of Benefits,12/18/2019
AL,AUTAUGA COUNTY SCH DIST,ESE,Title IX - Denial of Benefits,3/10/2017
AL,BIRMINGHAM CITY SCH DIST,ESE,Title IX - Sexual Violence,1/27/2016
AL,FAIRFIELD CITY SCH DIST,ESE,Title IX - Athletics,9/18/2017
AL,FAIRFIELD CITY SCH DIST,ESE,Title IX - Athletics,9/27/2017
AL,FAIRFIELD CITY SCH DIST,ESE,Title IX - Retaliation,9/18/2017
AL,TALLADEGA COUNTY SCH DIST,ESE,Title IX - Athletics,3/23/2018
AL,TUSKEGEE UNIVERSITY,PSE,Title IX - Admissions,1/8/2016
AL,TUSKEGEE UNIVERSITY,PSE,Title IX - Denial of Benefits,1/8/2016
AL,TUSKEGEE UNIVERSITY,PSE,Title IX - Others,1/8/2016
AL,TUSKEGEE UNIVERSITY,PSE,Title IX - Procedural Requirements,1/8/2016
AL,TUSKEGEE UNIVERSITY,PSE,Title IX - Retaliation,1/8/2016
AL,TUSKEGEE UNIVERSITY,PSE,Title IX - Retaliation,1/17/2020
AL,TUSKEGEE UNIVERSITY,PSE,Title IX - Sexual Harassment,1/17/2020
AL,UNIVERSITY OF ALABAMA,PSE,Title IX - Procedural Requirements,3/3/2016
AL,UNIVERSITY OF ALABAMA,PSE,Title IX - Retaliation,3/3/2016
AL,UNIVERSITY OF ALABAMA AT BIRMINGHAM,PSE,Title IX - Procedural Requirements,6/6/2014
AL,UNIVERSITY OF ALABAMA AT BIRMINGHAM,PSE,Title IX - Retaliation,12/9/2015
AL,UNIVERSITY OF ALABAMA AT BIRMINGHAM,PSE,Title IX - Retaliation,10/2/2017
AL,UNIVERSITY OF ALABAMA AT BIRMINGHAM,PSE,Title IX - Retaliation,3/23/2018
AL,UNIVERSITY OF ALABAMA AT BIRMINGHAM,PSE,Title IX - Sexual Harassment,12/9/2015
AL,UNIVERSITY OF ALABAMA AT BIRMINGHAM,PSE,Title IX - Sexual Violence,5/23/2016
AL,UNIVERSITY OF ALABAMA AT BIRMINGHAM,PSE,Title IX - Sexual Violence,10/2/2017
AL,UNIVERSITY OF ALABAMA AT BIRMINGHAM,PSE,Title IX - Sexual Violence,3/23/2018
AL,UNIVERSITY OF SOUTH ALABAMA,PSE,Title IX - Sexual Harassment,8/23/2017
AR,ASHDOWN,ESE,Title IX - Sexual Harassment,1/15/2015
AR,BENTONVILLE PUBLIC SCHOOLS,ESE,Title IX - Sexual Violence,12/16/2019
AR,FAYETTEVILLE PUBLIC SCHOOLS,ESE,Title IX - Sexual Harassment,6/21/2018
AR,HOT SPRINGS SCHOOL DISTRICT,ESE,Title IX - Denial of Benefits,6/17/2016
AR,HOT SPRINGS SCHOOL DISTRICT,ESE,Title IX - Retaliation,6/17/2016
AR,HOT SPRINGS SCHOOL DISTRICT,ESE,Title IX - Sexual Harassment,6/17/2016
AR,LITTLE ROCK SCHOOL DISTRICT,ESE,Title IX - Admissions,8/1/2013
AR,OUACHITA,ESE,Title IX - Athletics,3/29/2018
AR,SPRINGDALE,ESE,Title IX - Athletics,6/6/2019
AR,TEXARKANA ARKANSAS SCHOOL DISTRICT,ESE,Title IX - Discipline,9/22/2017
AR,UNIVERSITY OF ARKANSAS AT LITTLE ROCK,PSE,Title IX - Retaliation,2/8/2017
AR,UNIVERSITY OF ARKANSAS MAIN CAMPUS,PSE,Title IX - Procedural Requirements,4/21/2016
AR,UNIVERSITY OF ARKANSAS MAIN CAMPUS,PSE,Title IX - Sexual Harassment,4/21/2016
AR,UNIVERSITY OF ARKANSAS MAIN CAMPUS,PSE,Title IX - Sexual Violence,4/21/2016
AZ,BASIS SCHOOL,ESE,Title IX - Retaliation,5/23/2017
AZ,BASIS SCHOOL,ESE,Title IX - Sexual Harassment,5/23/2017
AZ,DEER VALLEY UNIFIED DISTRICT,ESE,Title IX - Denial of Benefits,10/29/2012
AZ,DEER VALLEY UNIFIED DISTRICT,ESE,Title IX - Gender Harassment,10/29/2012
AZ,PEORIA UNIFIED SCHOOL DISTRICT,ESE,Title IX - Sexual Harassment,9/23/2015
AZ,WEST VALLEY ARTS & TECHNOLOGY ACADEMY,ESE,Title IX - Discipline,1/15/2015
CA,AMERICAN BEAUTY COLLEGE,PSE,Title IX - Retaliation,2/4/2019
CA,AMERICAN BEAUTY COLLEGE,PSE,Title IX - Sexual Harassment,2/4/2019
CA,AMERICAN BEAUTY COLLEGE,PSE,Title IX - Sexual Harassment,12/3/2019
CA,ATWATER ELEMENTARY,ESE,Title IX - Sexual Harassment,2/14/2019
CA,BERKELEY UNIFIED,ESE,Title IX - Sexual Harassment,1/2/2020
CA,BRENTWOOD UNION ELEMENTARY,ESE,Title IX - Sexual Harassment,1/14/2020
CA,CALIFORNIA STATE UNIVERSITY - MARITIME ACADEMY,PSE,Title IX - Denial of Benefits,11/21/2019
CA,CALIFORNIA STATE UNIVERSITY-SAN MARCOS,PSE,Title IX - Procedural Requirements,10/27/2016
CA,CALIFORNIA STATE UNIVERSITY-SAN MARCOS,PSE,Title IX - Sexual Violence,10/27/2016
CA,CHINO VALLEY UNIFIED,ESE,Title IX - Sexual Harassment,4/5/2018
CA,DONGGUK UNIVERSITY LOS ANGELES,PSE,Title IX - Procedural Requirements,1/29/2020
CA,DONGGUK UNIVERSITY LOS ANGELES,PSE,Title IX - Sexual Harassment,1/29/2020
CA,ELK GROVE UNIFIED,ESE,Title IX - Athletics,2/29/2016
CA,ELK GROVE UNIFIED,ESE,Title IX - Procedural Requirements,2/29/2016
CA,ELK GROVE UNIFIED,ESE,Title IX - Retaliation,2/29/2016
CA,FALL RIVER JOINT UNIFIED,ESE,Title IX - Sexual Harassment,5/29/2014
CA,HAYWARD UNIFIED,ESE,Title IX - Athletics,8/9/2019
CA,HAYWARD UNIFIED,ESE,Title IX - Retaliation,8/9/2019
CA,HUMBOLDT STATE UNIVERSITY,PSE,Title IX - Sexual Violence,1/30/2020
CA,LINCOLN UNIFIED,ESE,Title IX - Sexual Harassment,12/20/2019
CA,LOYOLA MARYMOUNT UNIVERSITY,PSE,Title IX - Sexual Violence,6/8/2016
CA,MENLO COLLEGE,PSE,Title IX - Procedural Requirements,5/25/2017
CA,MOUNTAIN VIEW-LOS ALTOS UNION HIGH,ESE,Title IX - Procedural Requirements,9/9/2016
CA,MOUNTAIN VIEW-LOS ALTOS UNION HIGH,ESE,Title IX - Sexual Violence,9/9/2016
CA,MOUNTAIN VIEW-LOS ALTOS UNION HIGH,ESE,Title IX - Sexual Violence,4/13/2018
CA,PALO ALTO UNIFIED,ESE,Title IX - Retaliation,1/18/2019
CA,PITTSBURG UNIFIED,ESE,Title IX - Others,3/20/2019
CA,RIO ELEMENTARY,ESE,Title IX - Retaliation,6/3/2019
CA,RIO ELEMENTARY,ESE,Title IX - Sexual Harassment,6/3/2019
CA,SADDLEBACK VALLEY UNIFIED,ESE,Title IX - Gender Harassment,12/21/2016
CA,SAN JOSE STATE UNIVERSITY,PSE,Title IX - Sexual Harassment,10/12/2017
CA,SAN JUAN UNIFIED,ESE,Title IX - Athletics,12/8/2017
CA,SAN JUAN UNIFIED,ESE,Title IX - Sexual Harassment,10/12/2016
CA,SAN MATEO-FOSTER CITY ELEMENTARY,ESE,Title IX - Sexual Harassment,7/27/2016
CA,SAN RAMON VALLEY UNIFIED,ESE,Title IX - Sexual Harassment,1/13/2020
CA,SANTA CLARA UNIVERSITY,PSE,Title IX - Procedural Requirements,11/24/2015
CA,SANTA CLARA UNIVERSITY,PSE,Title IX - Sexual Violence,11/24/2015
CA,SANTA MARIA JOINT UNION HIGH,ESE,Title IX - Athletics,3/19/2019
CA,SANTA ROSA CITY SCHOOLS,ESE,Title IX - Athletics,2/1/2019
CA,SONOMA STATE UNIVERSITY,PSE,Title IX - Retaliation,3/8/2019
CA,SONOMA STATE UNIVERSITY,PSE,Title IX - Sexual Harassment,3/8/2019
CA,STANFORD UNIVERSITY,PSE,Title IX - Admissions,6/28/2018
CA,STANFORD UNIVERSITY,PSE,Title IX - Others,6/21/2019
CA,TAMALPAIS UNION HIGH,ESE,Title IX - Gender Harassment,12/6/2018
CA,TEMECULA VALLEY UNIFIED,ESE,Title IX - Athletics,6/28/2018
CA,TORRANCE UNIFIED,ESE,Title IX - Athletics,4/13/2018
CA,TORRANCE UNIFIED,ESE,Title IX - Sexual Harassment,7/20/2018
CA,TWIN RIVERS UNIFIED,ESE,Title IX - Sexual Harassment,5/6/2015
CA,UNIVERSITY OF CALIFORNIA-BERKELEY,PSE,Title IX - Others,2/28/2019
CA,UNIVERSITY OF CALIFORNIA-DAVIS,PSE,Title IX - Others,1/8/2020
CA,UNIVERSITY OF CALIFORNIA-DAVIS,PSE,Title IX - Procedural Requirements,3/24/2015
CA,UNIVERSITY OF CALIFORNIA-DAVIS,PSE,Title IX - Sexual Violence,3/24/2015
CA,UNIVERSITY OF CALIFORNIA-DAVIS,PSE,Title IX - Sexual Violence,5/20/2015
CA,UNIVERSITY OF CALIFORNIA-LOS ANGELES,PSE,Title IX - Procedural Requirements,8/8/2014
CA,UNIVERSITY OF CALIFORNIA-LOS ANGELES,PSE,Title IX - Sexual Harassment,4/15/2019
CA,UNIVERSITY OF CALIFORNIA-LOS ANGELES,PSE,Title IX - Sexual Violence,8/8/2014
CA,UNIVERSITY OF CALIFORNIA-SAN DIEGO,PSE,Title IX - Sexual Harassment,11/27/2017
CA,UNIVERSITY OF CALIFORNIA-SANTA CRUZ,PSE,Title IX - Others,1/8/2020
CA,UNIVERSITY OF SAN DIEGO,PSE,Title IX - Sexual Violence,8/6/2015
CA,UNIVERSITY OF SOUTHERN CALIFORNIA,PSE,Title IX - Others,1/31/2018
CA,UNIVERSITY OF SOUTHERN CALIFORNIA,PSE,Title IX - Procedural Requirements,5/24/2018
CA,UNIVERSITY OF SOUTHERN CALIFORNIA,PSE,Title IX - Sexual Harassment,5/24/2018
CA,UNIVERSITY OF SOUTHERN CALIFORNIA,PSE,Title IX - Sexual Harassment,5/6/2019
CA,VAL VERDE UNIFIED,ESE,Title IX - Sexual Violence,9/21/2015
CA,VENTURA UNIFIED,ESE,Title IX - Athletics,6/12/2017
CA,VISTA UNIFIED,ESE,Title IX - Athletics,7/6/2016
CA,VISTA UNIFIED,ESE,Title IX - Procedural Requirements,7/6/2016
CA,WALNUT VALLEY UNIFIED,ESE,Title IX - Procedural Requirements,10/31/2017
CA,WALNUT VALLEY UNIFIED,ESE,Title IX - Sexual Violence,10/31/2017
CA,WHITMORE CHARTER,ESE,Title IX - Retaliation,5/24/2017
CA,WHITMORE CHARTER,ESE,Title IX - Sexual Harassment,5/24/2017
CO,ACADEMY SCHOOL DISTRICT 20,ESE,Title IX - Sexual Harassment,5/9/2019
CO,CHERRY CREEK SCHOOL DISTRICT 5,ESE,Title IX - Sexual Harassment,4/30/2019
CO,COLORADO SCHOOL FOR THE DEAF AND BLIND,ESE,Title IX - Procedural Requirements,5/7/2018
CO,COLORADO SCHOOL FOR THE DEAF AND BLIND,ESE,Title IX - Sexual Violence,5/7/2018
CO,COLORADO STATE UNIVERSITY,PSE,Title IX - Dissemination of Policy,6/24/2014
CO,COLORADO STATE UNIVERSITY,PSE,Title IX - Procedural Requirements,6/24/2014
CO,COLORADO STATE UNIVERSITY,PSE,Title IX - Sexual Violence,6/24/2014
CO,CREEDE CONSOLIDATED 1,ESE,Title IX - Procedural Requirements,11/5/2019
CO,CREEDE CONSOLIDATED 1,ESE,Title IX - Sexual Harassment,11/5/2019
CO,CUSTER COUNTY SCHOOL DISTRICT,ESE,Title IX - Sexual Violence,5/18/2015
CO,DENVER PUBLIC SCHOOL DISTRICT,ESE,Title IX - Sexual Harassment,1/14/2020
CO,DOUGLAS COUNTY SCHOOL DISTRICT RE 1,ESE,Title IX - Denial of Benefits,1/28/2020
CO,DOUGLAS COUNTY SCHOOL DISTRICT RE 1,ESE,Title IX - Retaliation,1/7/2020
CO,DOUGLAS COUNTY SCHOOL DISTRICT RE 1,ESE,Title IX - Sexual Harassment,10/8/2015
CO,DOUGLAS COUNTY SCHOOL DISTRICT RE 1,ESE,Title IX - Sexual Harassment,1/7/2020
CO,HOLYOKE             RE-1J,ESE,Title IX - Sexual Harassment,6/12/2018
CO,JEFFERSON COUNTY SCHOOL DISTRICT R-1,ESE,Title IX - Sexual Harassment,7/25/2018
CO,JEFFERSON COUNTY SCHOOL DISTRICT R-1,ESE,Title IX - Sexual Violence,4/18/2017
CO,ST VRAIN VALLEY SCHOOL DISTRICT RE 1J,ESE,Title IX - Gender Harassment,7/7/2016
CO,ST VRAIN VALLEY SCHOOL DISTRICT RE 1J,ESE,Title IX - Sexual Harassment,7/7/2016
CO,STEAMBOAT SPRINGS SCHOOL DISTRICT RE-2,ESE,Title IX - Sexual Harassment,8/20/2019
CO,THOMPSON            R-2J,ESE,Title IX - Sexual Harassment,1/14/2020
CO,UNIVERSITY OF DENVER,PSE,Title IX - Procedural Requirements,3/10/2015
CO,UNIVERSITY OF DENVER,PSE,Title IX - Sexual Violence,3/10/2015
CO,UNIVERSITY OF DENVER,PSE,Title IX - Sexual Violence,5/30/2018
CT,AMITY REGIONAL DISTRICT #5,ESE,Title IX - Sexual Violence,3/28/2017
CT,AVON BOARD OF EDUCATION,ESE,Title IX - Athletics,12/23/2013
CT,BLOOMFIELD BOARD OF EDUCATION,ESE,Title IX - Athletics,10/4/2019
CT,CANTON BOARD OF EDUCATION,ESE,Title IX - Athletics,10/4/2019
CT,CROMWELL SCHOOL DISTRICT,ESE,Title IX - Athletics,10/4/2019
CT,CT TECHNICAL HIGH SCHOOL SYSTEM,ESE,Title IX - Discipline,4/2/2015
CT,DANBURY BOARD OF EDUCATION,ESE,Title IX - Athletics,10/4/2019
CT,GLASTONBURY BOARD OF EDUCATION,ESE,Title IX - Athletics,8/7/2019
CT,GLASTONBURY BOARD OF EDUCATION,ESE,Title IX - Retaliation,8/7/2019
CT,HARTFORD BOARD OF EDUCATION,ESE,Title IX - Athletics,10/4/2019
CT,QUINNIPIAC UNIVERSITY,PSE,Title IX - Retaliation,2/7/2018
CT,QUINNIPIAC UNIVERSITY,PSE,Title IX - Retaliation,7/19/2018
CT,WESLEYAN UNIVERSITY,PSE,Title IX - Sexual Harassment,3/23/2016
CT,WESTERN CONNECTICUT STATE UNIV,PSE,Title IX - Others,1/13/2020
CT,YALE UNIVERSITY,PSE,Title IX - Others,4/26/2018
CT,YALE UNIVERSITY,PSE,Title IX - Procedural Requirements,8/12/2019
DC,AMERICAN UNIVERSITY,PSE,Title IX - Retaliation,3/11/2015
DC,AMERICAN UNIVERSITY,PSE,Title IX - Sexual Violence,3/11/2015
DC,AMERICAN UNIVERSITY,PSE,Title IX - Sexual Violence,6/21/2016
DC,AMERICAN UNIVERSITY,PSE,Title IX - Sexual Violence,3/28/2017
DC,AMERICAN UNIVERSITY,PSE,Title IX - Sexual Violence,11/7/2018
DC,AMERICAN UNIVERSITY,PSE,Title IX - Sexual Violence,3/12/2019
DC,DISTRICT OF COLUMBIA PUB SCHLS,ESE,Title IX - Athletics,11/8/2013
DC,DISTRICT OF COLUMBIA PUB SCHLS,ESE,Title IX - Sexual Violence,4/3/2018
DC,GEORGETOWN UNIVERSITY,PSE,Title IX - Denial of Benefits,10/11/2019
DC,PERRY STREET PREP PUBLIC CHARTER SCHOOL,ESE,Title IX - Sexual Harassment,5/6/2019
FL,AMERICAN MEDICAL ACADEMY,PSE,Title IX - Sexual Harassment,9/5/2014
FL,BROWARD COUNTY SCHOOL DISTRICT,ESE,Title IX - Procedural Requirements,5/13/2014
FL,BROWARD COUNTY SCHOOL DISTRICT,ESE,Title IX - Sexual Harassment,5/13/2014
FL,DUVAL COUNTY SCHOOL DISTRICT,ESE,Title IX - Sexual Violence,3/29/2018
FL,FLAGLER COLLEGE,PSE,Title IX - Discipline,9/29/2018
FL,FLAGLER TECHNICAL INSTITUTE,PSE,Title IX - Admissions,3/3/2015
FL,FLORIDA AGRICULTURAL AND MECHANICAL UNIVERSITY,PSE,Title IX - Sexual Harassment,4/2/2018
FL,FLORIDA INSTITUTE OF TECHNOLOGY-MELBOURNE,PSE,Title IX - Denial of Benefits,5/23/2019
FL,FLORIDA STATE UNIVERSITY,PSE,Title IX - Procedural Requirements,11/1/2016
FL,FLORIDA STATE UNIVERSITY,PSE,Title IX - Sexual Harassment,11/1/2016
FL,FLORIDA STATE UNIVERSITY,PSE,Title IX - Sexual Violence,4/3/2014
FL,FLORIDA STATE UNIVERSITY,PSE,Title IX - Sexual Violence,9/15/2017
FL,FULL SAIL UNIVERSITY,PSE,Title IX - Retaliation,7/20/2015
FL,FULL SAIL UNIVERSITY,PSE,Title IX - Sexual Harassment,7/20/2015
FL,FULL SAIL UNIVERSITY,PSE,Title IX - Sexual Violence,7/20/2015
FL,GLADES COUNTY SCHOOL DISTRICT,ESE,Title IX - Athletics,12/9/2015
FL,GLADES COUNTY SCHOOL DISTRICT,ESE,Title IX - Retaliation,12/9/2015
FL,GULF COAST STATE COLLEGE,PSE,Title IX - Denial of Benefits,1/9/2015
FL,GULF COAST STATE COLLEGE,PSE,Title IX - Retaliation,1/9/2015
FL,HILLSBOROUGH COMMUNITY COLLEGE,PSE,Title IX - Procedural Requirements,11/8/2017
FL,HILLSBOROUGH COUNTY SCHOOL DISTRICT,ESE,Title IX - Others,6/13/2014
FL,LAKE COUNTY SCHOOL DISTRICT,ESE,Title IX - Denial of Benefits,9/28/2017
FL,LEE COUNTY SCHOOL DISTRICT,ESE,Title IX - Denial of Benefits,9/27/2016
FL,LEE COUNTY SCHOOL DISTRICT,ESE,Title IX - Procedural Requirements,9/27/2016
FL,LEE COUNTY SCHOOL DISTRICT,ESE,Title IX - Sexual Harassment,9/13/2016
FL,LEON COUNTY SCHOOL DISTRICT,ESE,Title IX - Athletics,7/22/2015
FL,MARION COUNTY SCHOOL DISTRICT,ESE,Title IX - Retaliation,11/14/2017
FL,MARION COUNTY SCHOOL DISTRICT,ESE,Title IX - Sexual Harassment,11/14/2017
FL,MIAMI-DADE PUBLIC SCHOOLS,ESE,Title IX - Denial of Benefits,3/27/2015
FL,MIAMI-DADE PUBLIC SCHOOLS,ESE,Title IX - Denial of Benefits,11/5/2019
FL,MIAMI-DADE PUBLIC SCHOOLS,ESE,Title IX - Retaliation,10/16/2017
FL,MIAMI-DADE PUBLIC SCHOOLS,ESE,Title IX - Sexual Violence,10/6/2017
FL,OKALOOSA COUNTY SCHOOL DISTRICT,ESE,Title IX - Procedural Requirements,6/30/2015
FL,ORANGE COUNTY SCHOOL DISTRICT,ESE,Title IX - Procedural Requirements,9/29/2017
FL,ORANGE COUNTY SCHOOL DISTRICT,ESE,Title IX - Sexual Harassment,9/29/2017
FL,OSCEOLA COUNTY SCHOOL DISTRICT,ESE,Title IX - Gender Harassment,6/23/2016
FL,PASCO COUNTY SCHOOL DISTRICT,ESE,Title IX - Sexual Harassment,11/14/2016
FL,PINELLAS COUNTY SCHOOL DISTRICT,ESE,Title IX - Sexual Violence,3/12/2015
FL,SANTA ROSA COUNTY SCHOOL DISTRICT,ESE,Title IX - Athletics,5/30/2018
FL,SANTA ROSA COUNTY SCHOOL DISTRICT,ESE,Title IX - Retaliation,9/13/2019
FL,ST JOHNS COUNTY SCHOOL DISTRIC,ESE,Title IX - Denial of Benefits,12/28/2015
FL,STETSON UNIVERSITY,PSE,Title IX - Procedural Requirements,11/29/2016
FL,STETSON UNIVERSITY,PSE,Title IX - Sexual Violence,11/29/2016
FL,UNIVERSITY OF CENTRAL FLORIDA,PSE,Title IX - Others,10/21/2015
FL,UNIVERSITY OF CENTRAL FLORIDA,PSE,Title IX - Procedural Requirements,10/21/2015
FL,UNIVERSITY OF CENTRAL FLORIDA,PSE,Title IX - Retaliation,10/21/2015
FL,UNIVERSITY OF CENTRAL FLORIDA,PSE,Title IX - Sexual Violence,5/5/2017
FL,UNIVERSITY OF FLORIDA,PSE,Title IX - Denial of Benefits,7/24/2018
FL,UNIVERSITY OF FLORIDA,PSE,Title IX - Procedural Requirements,7/24/2018
FL,UNIVERSITY OF FLORIDA,PSE,Title IX - Retaliation,7/24/2018
FL,UNIVERSITY OF FLORIDA,PSE,Title IX - Sexual Harassment,7/24/2018
FL,UNIVERSITY OF FLORIDA,PSE,Title IX - Sexual Violence,1/20/2017
FL,UNIVERSITY OF MIAMI,PSE,Title IX - Athletics,6/24/2016
FL,UNIVERSITY OF MIAMI,PSE,Title IX - Procedural Requirements,3/11/2016
FL,UNIVERSITY OF MIAMI,PSE,Title IX - Retaliation,10/9/2015
FL,UNIVERSITY OF MIAMI,PSE,Title IX - Sexual Violence,10/9/2015
FL,UNIVERSITY OF MIAMI,PSE,Title IX - Sexual Violence,3/11/2016
FL,UNIVERSITY OF SOUTH FLORIDA,PSE,Title IX - Retaliation,9/3/2014
FL,UNIVERSITY OF SOUTH FLORIDA,PSE,Title IX - Sexual Violence,9/3/2014
FL,UNIVERSITY OF SOUTH FLORIDA,PSE,Title IX - Sexual Violence,10/23/2017
FL,UNIVERSITY OF WEST FLORIDA,PSE,Title IX - Sexual Harassment,9/7/2016
FL,VALENCIA COLLEGE,PSE,Title IX - Sexual Harassment,7/26/2018
FL,VOLUSIA COUNTY SCHOOL DISTRICT,ESE,Title IX - Discipline,6/25/2014
FL,VOLUSIA COUNTY SCHOOL DISTRICT,ESE,Title IX - Dissemination of Policy,10/2/2014
FL,VOLUSIA COUNTY SCHOOL DISTRICT,ESE,Title IX - Others,10/2/2014
FL,VOLUSIA COUNTY SCHOOL DISTRICT,ESE,Title IX - Procedural Requirements,4/23/2018
FL,VOLUSIA COUNTY SCHOOL DISTRICT,ESE,Title IX - Retaliation,4/23/2018
FL,VOLUSIA COUNTY SCHOOL DISTRICT,ESE,Title IX - Retaliation,12/20/2019
FL,VOLUSIA COUNTY SCHOOL DISTRICT,ESE,Title IX - Sexual Harassment,6/25/2014
GA,ATLANTA TECHNICAL COLLEGE,PSE,Title IX - Denial of Benefits,6/24/2014
GA,ATLANTA TECHNICAL COLLEGE,PSE,Title IX - Others,7/17/2015
GA,ATLANTA TECHNICAL COLLEGE,PSE,Title IX - Retaliation,6/24/2014
GA,ATLANTA TECHNICAL COLLEGE,PSE,Title IX - Sexual Harassment,6/24/2014
GA,AUGUSTA TECHNICAL COLLEGE,PSE,Title IX - Gender Harassment,5/20/2015
GA,BARROW COUNTY,ESE,Title IX - Sexual Violence,10/11/2017
GA,CHEROKEE COUNTY,ESE,Title IX - Retaliation,8/26/2015
GA,CHEROKEE COUNTY,ESE,Title IX - Sexual Harassment,8/26/2015
GA,CLARK ATLANTA UNIVERSITY,PSE,Title IX - Dissemination of Policy,6/3/2015
GA,CLARK ATLANTA UNIVERSITY,PSE,Title IX - Procedural Requirements,6/3/2015
GA,CLARK ATLANTA UNIVERSITY,PSE,Title IX - Retaliation,12/7/2015
GA,CLAYTON COUNTY,ESE,Title IX - Sexual Harassment,5/22/2018
GA,CLAYTON COUNTY,ESE,Title IX - Sexual Violence,1/29/2016
GA,COBB COUNTY SCHOOL DISTRICT,ESE,Title IX - Athletics,11/8/2017
GA,COBB COUNTY SCHOOL DISTRICT,ESE,Title IX - Sexual Violence,12/2/2015
GA,COBB COUNTY SCHOOL DISTRICT,ESE,Title IX - Sexual Violence,11/4/2019
GA,COLLEGE OF COASTAL GEORGIA,PSE,Title IX - Retaliation,10/28/2014
GA,COLLEGE OF COASTAL GEORGIA,PSE,Title IX - Sexual Harassment,10/28/2014
GA,COLLEGE OF COASTAL GEORGIA,PSE,Title IX - Sexual Harassment,2/6/2015
GA,COLQUITT COUNTY,ESE,Title IX - Sexual Harassment,6/25/2019
GA,COLUMBIA COUNTY,ESE,Title IX - Denial of Benefits,6/15/2016
GA,COLUMBIA COUNTY,ESE,Title IX - Others,12/21/2017
GA,COLUMBUS STATE UNIVERSITY,PSE,Title IX - Denial of Benefits,1/9/2020
GA,COLUMBUS STATE UNIVERSITY,PSE,Title IX - Others,1/9/2020
GA,COLUMBUS STATE UNIVERSITY,PSE,Title IX - Retaliation,1/9/2020
GA,COVENANT COLLEGE,PSE,Title IX - Sexual Harassment,11/24/2015
GA,DECATUR CITY,ESE,Title IX - Retaliation,9/14/2018
GA,DECATUR CITY,ESE,Title IX - Sexual Violence,9/14/2018
GA,DEKALB COUNTY,ESE,Title IX - Denial of Benefits,10/27/2015
GA,DEKALB COUNTY,ESE,Title IX - Denial of Benefits,6/17/2019
GA,DOUGHERTY COUNTY,ESE,Title IX - Retaliation,9/6/2018
GA,DOUGHERTY COUNTY,ESE,Title IX - Sexual Harassment,9/6/2018
GA,FLOYD COUNTY,ESE,Title IX - Sexual Harassment,5/17/2017
GA,FULTON COUNTY SCHOOL DISTRICT,ESE,Title IX - Athletics,4/18/2013
GA,FULTON COUNTY SCHOOL DISTRICT,ESE,Title IX - Dissemination of Policy,7/26/2016
GA,FULTON COUNTY SCHOOL DISTRICT,ESE,Title IX - Procedural Requirements,7/26/2016
GA,FULTON COUNTY SCHOOL DISTRICT,ESE,Title IX - Sexual Violence,7/26/2016
GA,FULTON COUNTY SCHOOL DISTRICT,ESE,Title IX - Sexual Violence,10/18/2017
GA,GEORGIA COLLEGE AND STATE UNIVERSITY,PSE,Title IX - Retaliation,8/2/2018
GA,GEORGIA INSTITUTE OF TECHNOLOGY-MAIN CAMPUS,PSE,Title IX - Denial of Benefits,5/23/2019
GA,GEORGIA SOUTHERN UNIVERSITY,PSE,Title IX - Athletics,9/30/2015
GA,GEORGIA STATE UNIVERSITY,PSE,Title IX - Sexual Harassment,5/26/2015
GA,GLYNN COUNTY,ESE,Title IX - Gender Harassment,1/28/2019
GA,GLYNN COUNTY,ESE,Title IX - Procedural Requirements,3/11/2015
GA,GLYNN COUNTY,ESE,Title IX - Retaliation,3/11/2015
GA,GLYNN COUNTY,ESE,Title IX - Retaliation,1/28/2019
GA,GLYNN COUNTY,ESE,Title IX - Sexual Harassment,3/11/2015
GA,GWINNETT COUNTY PUBLIC SCHOOLS,ESE,Title IX - Denial of Benefits,2/4/2016
GA,GWINNETT COUNTY PUBLIC SCHOOLS,ESE,Title IX - Denial of Benefits,10/23/2019
GA,GWINNETT COUNTY PUBLIC SCHOOLS,ESE,Title IX - Discipline,5/3/2017
GA,GWINNETT COUNTY PUBLIC SCHOOLS,ESE,Title IX - Procedural Requirements,8/17/2016
GA,GWINNETT COUNTY PUBLIC SCHOOLS,ESE,Title IX - Sexual Harassment,6/13/2017
GA,GWINNETT COUNTY PUBLIC SCHOOLS,ESE,Title IX - Sexual Violence,3/16/2015
GA,GWINNETT COUNTY PUBLIC SCHOOLS,ESE,Title IX - Sexual Violence,8/17/2016
GA,HENRY COUNTY,ESE,Title IX - Discipline,1/7/2020
GA,HENRY COUNTY,ESE,Title IX - Procedural Requirements,5/5/2016
GA,HENRY COUNTY,ESE,Title IX - Retaliation,5/5/2016
GA,HENRY COUNTY,ESE,Title IX - Sexual Harassment,5/5/2016
GA,HOUSTON COUNTY,ESE,Title IX - Sexual Harassment,10/30/2019
GA,INTERDENOMINATIONAL THEOLOGICAL CENTER,PSE,Title IX - Denial of Benefits,6/2/2017
GA,INTERDENOMINATIONAL THEOLOGICAL CENTER,PSE,Title IX - Procedural Requirements,6/2/2017
GA,INTERDENOMINATIONAL THEOLOGICAL CENTER,PSE,Title IX - Sexual Harassment,5/27/2016
GA,JEFFERSON CITY SCHOOL DISTRICT,ESE,Title IX - Procedural Requirements,8/30/2016
GA,JEFFERSON CITY SCHOOL DISTRICT,ESE,Title IX - Sexual Violence,8/30/2016
GA,LIFE UNIVERSITY,PSE,Title IX - Gender Harassment,7/26/2017
GA,MERCER UNIVERSITY,PSE,Title IX - Others,5/8/2018
GA,MERCER UNIVERSITY,PSE,Title IX - Procedural Requirements,8/5/2016
GA,MERCER UNIVERSITY,PSE,Title IX - Retaliation,8/5/2016
GA,MERCER UNIVERSITY,PSE,Title IX - Sexual Harassment,8/5/2016
GA,MOREHOUSE COLLEGE,PSE,Title IX - Sexual Violence,11/19/2015
GA,OCONEE COUNTY,ESE,Title IX - Athletics,8/25/2015
GA,OGLETHORPE UNIVERSITY,PSE,Title IX - Denial of Benefits,10/26/2017
GA,OGLETHORPE UNIVERSITY,PSE,Title IX - Sexual Violence,6/23/2015
GA,SPELMAN COLLEGE,PSE,Title IX - Sexual Violence,11/19/2015
GA,WALKER COUNTY,ESE,Title IX - Retaliation,11/2/2018
GA,WALKER COUNTY,ESE,Title IX - Sexual Harassment,11/2/2018
GU,GUAM DEPARTMENT OF EDUCATION,ESE,Title IX - Dissemination of Policy,7/27/2017
GU,GUAM DEPARTMENT OF EDUCATION,ESE,Title IX - Procedural Requirements,7/27/2017
GU,GUAM DEPARTMENT OF EDUCATION,ESE,Title IX - Retaliation,7/27/2017
HI,HAWAII STATE DEPT. OF ED,ESE,Title IX - Denial of Benefits,5/13/2016
HI,HAWAII STATE DEPT. OF ED,ESE,Title IX - Retaliation,4/12/2019
HI,HAWAII STATE DEPT. OF ED,ESE,Title IX - Sexual Harassment,10/21/2016
HI,HAWAII STATE DEPT. OF ED,ESE,Title IX - Sexual Harassment,9/13/2018
HI,HAWAII STATE DEPT. OF ED,ESE,Title IX - Sexual Violence,5/13/2016
HI,HAWAII STATE DEPT. OF ED,ESE,Title IX - Sexual Violence,4/12/2019
IA,DRAKE UNIVERSITY,PSE,Title IX - Procedural Requirements,10/3/2014
IA,DRAKE UNIVERSITY,PSE,Title IX - Sexual Violence,10/3/2014
IA,IOWA STATE UNIVERSITY,PSE,Title IX - Denial of Benefits,6/13/2019
IA,IOWA STATE UNIVERSITY,PSE,Title IX - Sexual Violence,11/3/2016
IA,UNIVERSITY OF IOWA,PSE,Title IX - Others,12/16/2019
IA,UNIVERSITY OF IOWA,PSE,Title IX - Procedural Requirements,12/5/2019
ID,COLLEGE OF IDAHO,PSE,Title IX - Procedural Requirements,3/8/2016
ID,COLLEGE OF IDAHO,PSE,Title IX - Sexual Violence,3/8/2016
ID,COLLEGE OF IDAHO,PSE,Title IX - Sexual Violence,4/20/2017
ID,IDAHO FALLS SD 91,ESE,Title IX - Denial of Benefits,11/30/2017
ID,IDAHO FALLS SD 91,ESE,Title IX - Procedural Requirements,11/30/2017
ID,IDAHO FALLS SD 91,ESE,Title IX - Sexual Harassment,11/30/2017
ID,SAGE INTERNATIONAL SCHOOL,ESE,Title IX - Sexual Violence,1/12/2017
ID,SALMON SD 291,ESE,Title IX - Sexual Harassment,11/20/2015
ID,TWIN FALLS SD 411,ESE,Title IX - Gender Harassment,6/6/2018
ID,UNIVERSITY OF IDAHO,PSE,Title IX - Procedural Requirements,5/27/2015
ID,UNIVERSITY OF IDAHO,PSE,Title IX - Procedural Requirements,11/29/2017
ID,UNIVERSITY OF IDAHO,PSE,Title IX - Retaliation,5/27/2015
ID,UNIVERSITY OF IDAHO,PSE,Title IX - Sexual Violence,5/27/2015
ID,WEST ADA SD,ESE,Title IX - Procedural Requirements,1/24/2020
ID,WEST ADA SD,ESE,Title IX - Sexual Harassment,1/24/2020
IL,ALTON COMM UNIT SCHOOL DIST 11,ESE,Title IX - Sexual Harassment,1/2/2020
IL,BUREAU VALLEY CUSD 340,ESE,Title IX - Sexual Harassment,10/30/2019
IL,CHICAGO SCHOOL DISTRICT 299-CHICAGO PUBLIC SCHOOLS,ESE,Title IX - Sexual Harassment,9/17/2018
IL,COMMUNITY UNIT SCHOOL DISTRICT 300,ESE,Title IX - Sexual Harassment,7/20/2017
IL,ILLINOIS INSTITUTE OF TECHNOLOGY,PSE,Title IX - Denial of Benefits,1/29/2018
IL,KNOX COLLEGE,PSE,Title IX - Procedural Requirements,12/2/2016
IL,KNOX COLLEGE,PSE,Title IX - Sexual Harassment,12/2/2016
IL,MCHENRY COMM H S DIST 156,ESE,Title IX - Athletics,11/6/2015
IL,MCHENRY COMM H S DIST 156,ESE,Title IX - Sexual Violence,11/6/2015
IL,NORTHWESTERN UNIVERSITY,PSE,Title IX - Procedural Requirements,10/2/2018
IL,NORTHWESTERN UNIVERSITY,PSE,Title IX - Procedural Requirements,10/10/2018
IL,PROSPECT HEIGHTS SCHOOL DIST 23,ESE,Title IX - Procedural Requirements,4/1/2016
IL,PROSPECT HEIGHTS SCHOOL DIST 23,ESE,Title IX - Sexual Harassment,4/1/2016
IL,RICH TWP H S DISTRICT 227,ESE,Title IX - Sexual Harassment,3/23/2016
IL,UNIVERSITY OF ILLINOIS AT CHICAGO,PSE,Title IX - Retaliation,5/9/2017
IL,UNIVERSITY OF ILLINOIS AT CHICAGO,PSE,Title IX - Retaliation,5/17/2017
IL,UNIVERSITY OF ILLINOIS AT CHICAGO,PSE,Title IX - Sexual Harassment,5/17/2017
IL,UNIVERSITY OF ILLINOIS AT CHICAGO,PSE,Title IX - Sexual Violence,4/22/2016
IL,UNIVERSITY OF ILLINOIS AT CHICAGO,PSE,Title IX - Sexual Violence,3/24/2017
IL,UNIVERSITY OF ILLINOIS AT URBANA-CHAMPAIGN,PSE,Title IX - Others,11/22/2019
IL,UNIVERSITY OF ILLINOIS AT URBANA-CHAMPAIGN,PSE,Title IX - Procedural Requirements,12/16/2019
IL,UNIVERSITY OF ILLINOIS AT URBANA-CHAMPAIGN,PSE,Title IX - Retaliation,12/16/2019
IL,WAUKEGAN C U SCHOOL DIST 60,ESE,Title IX - Denial of Benefits,8/24/2017
IL,WAUKEGAN C U SCHOOL DIST 60,ESE,Title IX - Sexual Violence,12/14/2015
IL,WAUKEGAN C U SCHOOL DIST 60,ESE,Title IX - Sexual Violence,8/24/2017
IN,BALL STATE UNIVERSITY,PSE,Title IX - Athletics,10/30/2019
IN,DUNELAND SCHOOL CORPORATION,ESE,Title IX - Retaliation,3/4/2016
IN,DUNELAND SCHOOL CORPORATION,ESE,Title IX - Sexual Harassment,3/4/2016
IN,DUNELAND SCHOOL CORPORATION,ESE,Title IX - Sexual Violence,6/1/2016
IN,EASTERN HOWARD SCHOOL CORP,ESE,Title IX - Denial of Benefits,9/24/2019
IN,EASTERN HOWARD SCHOOL CORP,ESE,Title IX - Retaliation,9/24/2019
IN,EASTERN HOWARD SCHOOL CORP,ESE,Title IX - Retaliation,10/22/2019
IN,FORT WAYNE COMMUNITY SCHOOLS,ESE,Title IX - Discipline,4/5/2019
IN,FORT WAYNE COMMUNITY SCHOOLS,ESE,Title IX - Gender Harassment,12/3/2019
IN,FORT WAYNE COMMUNITY SCHOOLS,ESE,Title IX - Retaliation,4/5/2019
IN,FORT WAYNE COMMUNITY SCHOOLS,ESE,Title IX - Sexual Violence,4/5/2019
IN,INDIANA UNIVERSITY-BLOOMINGTON,PSE,Title IX - Denial of Benefits,6/13/2019
IN,INDIANA UNIVERSITY-PURDUE UNIVERSITY-FORT WAYNE,PSE,Title IX - Retaliation,6/10/2016
IN,INDIANA UNIVERSITY-PURDUE UNIVERSITY-FORT WAYNE,PSE,Title IX - Sexual Violence,6/10/2016
IN,INDIANAPOLIS PUBLIC SCHOOLS,ESE,Title IX - Retaliation,12/17/2018
IN,INDIANAPOLIS PUBLIC SCHOOLS,ESE,Title IX - Sexual Violence,12/17/2018
IN,NORTH WEST HENDRICKS SCHOOLS,ESE,Title IX - Retaliation,12/4/2019
IN,NORTH WEST HENDRICKS SCHOOLS,ESE,Title IX - Sexual Harassment,12/4/2019
IN,SCHOOL CITY OF WHITING,ESE,Title IX - Discipline,10/11/2019
IN,SOUTHWEST SCHOOL CORP,ESE,Title IX - Retaliation,1/14/2020
IN,THEODORE ROOSEVELT COLLEGE AND CAREER ACADEMY,ESE,Title IX - Athletics,10/18/2016
IN,UNIVERSITY OF INDIANAPOLIS,PSE,Title IX - Sexual Violence,12/20/2019
IN,UNIVERSITY OF NOTRE DAME,PSE,Title IX - Others,4/24/2019
IN,UNIVERSITY OF NOTRE DAME,PSE,Title IX - Procedural Requirements,9/11/2013
IN,UNIVERSITY OF NOTRE DAME,PSE,Title IX - Retaliation,9/11/2013
IN,UNIVERSITY OF NOTRE DAME,PSE,Title IX - Sexual Harassment,9/11/2013
IN,UNIVERSITY OF NOTRE DAME,PSE,Title IX - Sexual Harassment,10/21/2015
IN,UNIVERSITY OF NOTRE DAME,PSE,Title IX - Sexual Violence,2/19/2016
IN,UNIVERSITY OF NOTRE DAME,PSE,Title IX - Sexual Violence,12/23/2016
IN,UNIVERSITY OF NOTRE DAME,PSE,Title IX - Sexual Violence,4/25/2018
IN,UNIVERSITY OF NOTRE DAME,PSE,Title IX - Sexual Violence,8/1/2018
IN,WASHINGTON COM SCHOOLS INC,ESE,Title IX - Sexual Harassment,5/1/2019
KS,FORT SCOTT U.S.D. #234,ESE,Title IX - Athletics,6/14/2016
KS,GOODLAND,ESE,Title IX - Retaliation,4/4/2018
KS,GREAT BEND U.S.D. #428,ESE,Title IX - Sexual Violence,4/20/2017
KS,KANSAS CITY KANSAS COMMUNITY COLLEGE,PSE,Title IX - Sexual Harassment,12/3/2018
KS,KANSAS CITY USD 500,ESE,Title IX - Sexual Harassment,5/11/2018
KS,KANSAS STATE UNIVERSITY,PSE,Title IX - Retaliation,9/24/2015
KS,KANSAS STATE UNIVERSITY,PSE,Title IX - Sexual Violence,9/24/2015
KS,KANSAS STATE UNIVERSITY,PSE,Title IX - Sexual Violence,3/27/2017
KS,OLATHE U.S.D. #233,ESE,Title IX - Retaliation,3/27/2017
KS,OLATHE U.S.D. #233,ESE,Title IX - Sexual Harassment,3/27/2017
KS,SATANTA,ESE,Title IX - Retaliation,5/24/2019
KS,SATANTA,ESE,Title IX - Sexual Violence,5/24/2019
KS,UNIVERSITY OF KANSAS,PSE,Title IX - Retaliation,2/4/2015
KS,UNIVERSITY OF KANSAS,PSE,Title IX - Sexual Harassment,2/4/2015
KS,WASHBURN UNIVERSITY,PSE,Title IX - Retaliation,1/30/2015
KS,WASHBURN UNIVERSITY,PSE,Title IX - Sexual Harassment,5/14/2015
KY,BOONE COUNTY SCHOOLS,ESE,Title IX - Sexual Harassment,1/25/2018
KY,CENTRE COLLEGE,PSE,Title IX - Retaliation,6/17/2019
KY,CENTRE COLLEGE,PSE,Title IX - Sexual Violence,6/17/2019
KY,CENTRE COLLEGE,PSE,Title IX - Sexual Violence,11/29/2019
KY,LAUREL COUNTY SCHOOLS,ESE,Title IX - Athletics,12/20/2019
KY,LAUREL COUNTY SCHOOLS,ESE,Title IX - Others,12/20/2019
KY,LAUREL COUNTY SCHOOLS,ESE,Title IX - Retaliation,12/20/2019
KY,MURRAY INDEPENDENT SCHOOLS,ESE,Title IX - Sexual Harassment,5/23/2019
KY,PIKE COUNTY SCHOOLS,ESE,Title IX - Procedural Requirements,12/19/2019
KY,PIKE COUNTY SCHOOLS,ESE,Title IX - Sexual Harassment,12/19/2019
KY,UNIVERSITY OF KENTUCKY,PSE,Title IX - Sexual Violence,4/14/2015
KY,WESTERN KENTUCKY UNIVERSITY,PSE,Title IX - Athletics,12/19/2016
LA,CADDO PARISH SCHOOL BOARD,ESE,Title IX - Gender Harassment,4/2/2015
LA,DELTA COLLEGE,PSE,Title IX - Gender Harassment,2/18/2016
LA,LOYOLA UNIVERSITY NEW ORLEANS,PSE,Title IX - Sexual Violence,2/5/2016
LA,LOYOLA UNIVERSITY NEW ORLEANS - SCHOOL OF LAW,PSE,Title IX - Gender Harassment,9/3/2014
LA,LOYOLA UNIVERSITY NEW ORLEANS - SCHOOL OF LAW,PSE,Title IX - Retaliation,9/3/2014
LA,LOYOLA UNIVERSITY NEW ORLEANS - SCHOOL OF LAW,PSE,Title IX - Sexual Harassment,9/3/2014
LA,LUSHER CHARTER SCHOOL - MIDDLE AND HIGH SCHOOL,ESE,Title IX - Athletics,4/3/2017
LA,MONROE CITY SCHOOLS,ESE,Title IX - Retaliation,5/5/2017
LA,MONROE CITY SCHOOLS,ESE,Title IX - Sexual Harassment,5/5/2017
LA,MONROE CITY SCHOOLS,ESE,Title IX - Sexual Violence,5/5/2017
LA,NORTHWESTERN STATE UNIVERSITY OF LOUISIANA,PSE,Title IX - Denial of Benefits,12/18/2014
LA,ORLEANS PARISH SCHOOL BOARD,ESE,Title IX - Sexual Harassment,6/23/2017
LA,RAPIDES PARISH SCHOOL BOARD,ESE,Title IX - Denial of Benefits,8/13/2019
LA,SAINT LANDRY PARISH SCHOOL BOARD,ESE,Title IX - Retaliation,2/28/2019
LA,SAINT LANDRY PARISH SCHOOL BOARD,ESE,Title IX - Sexual Harassment,2/28/2019
LA,SOUTHERN UNIVERSITY AND A & M COLLEGE,PSE,Title IX - Sexual Harassment,5/12/2017
LA,SOUTHERN UNIVERSITY AND A & M COLLEGE,PSE,Title IX - Sexual Violence,7/25/2017
LA,ST. EDMUND CATHOLIC SCHOOL,ESE,Title IX - Sexual Harassment,5/30/2017
LA,ST. EDMUND CATHOLIC SCHOOL,ESE,Title IX - Sexual Harassment,2/8/2018
LA,TULANE UNIVERSITY OF LOUISIANA,PSE,Title IX - Sexual Violence,11/7/2019
LA,UNIVERSITY OF LOUISIANA AT LAFAYETTE,PSE,Title IX - Athletics,2/15/2019
LA,UNIVERSITY OF LOUISIANA AT LAFAYETTE,PSE,Title IX - Retaliation,2/15/2019
LA,UNIVERSITY OF LOUISIANA AT MONROE,PSE,Title IX - Athletics,11/3/2016
LA,UNIVERSITY OF LOUISIANA AT MONROE,PSE,Title IX - Others,11/3/2016
LA,UNIVERSITY OF LOUISIANA AT MONROE,PSE,Title IX - Retaliation,11/3/2016
LA,WEBSTER PARISH SCHOOL BOARD,ESE,Title IX - Gender Harassment,8/6/2015
MA,AMHERST COLLEGE,PSE,Title IX - Procedural Requirements,4/14/2017
MA,AMHERST COLLEGE,PSE,Title IX - Retaliation,4/14/2017
MA,AMHERST COLLEGE,PSE,Title IX - Sexual Violence,4/14/2017
MA,BABSON COLLEGE,PSE,Title IX - Procedural Requirements,4/28/2016
MA,BABSON COLLEGE,PSE,Title IX - Sexual Violence,4/28/2016
MA,BARD COLLEGE AT SIMON'S ROCK,PSE,Title IX - Retaliation,3/9/2016
MA,BARD COLLEGE AT SIMON'S ROCK,PSE,Title IX - Sexual Harassment,3/9/2016
MA,BELMONT,ESE,Title IX - Sexual Violence,4/26/2017
MA,BOSTON COLLEGE,PSE,Title IX - Retaliation,8/27/2019
MA,BOSTON PS,ESE,Title IX - Procedural Requirements,7/10/2015
MA,BOSTON PS,ESE,Title IX - Sexual Harassment,7/10/2015
MA,BOSTON PS,ESE,Title IX - Sexual Violence,12/8/2016
MA,BOSTON UNIVERSITY,PSE,Title IX - Others,6/12/2019
MA,BOSTON UNIVERSITY,PSE,Title IX - Sexual Violence,12/16/2013
MA,BRANDEIS UNIVERSITY,PSE,Title IX - Procedural Requirements,6/19/2019
MA,BRANDEIS UNIVERSITY,PSE,Title IX - Sexual Violence,3/1/2016
MA,DENNIS-YARMOUTH,ESE,Title IX - Sexual Violence,12/21/2017
MA,EMERSON COLLEGE,PSE,Title IX - Procedural Requirements,12/23/2013
MA,EMERSON COLLEGE,PSE,Title IX - Sexual Violence,12/23/2013
MA,FALMOUTH PUBLIC SCHOOLS,ESE,Title IX - Athletics,5/24/2018
MA,FRAMINGHAM  PS,ESE,Title IX - Athletics,4/10/2018
MA,HARVARD COLLEGE,PSE,Title IX - Procedural Requirements,4/24/2014
MA,HARVARD COLLEGE,PSE,Title IX - Sexual Violence,4/24/2014
MA,HARVARD COLLEGE,PSE,Title IX - Sexual Violence,3/3/2016
MA,HARVARD UNIVERSITY,PSE,Title IX - Others,1/7/2020
MA,HARVARD UNIVERSITY,PSE,Title IX - Sexual Violence,4/17/2017
MA,LAWRENCE,ESE,Title IX - Procedural Requirements,2/1/2019
MA,LEOMINSTER PUBLIC SCHOOLS,ESE,Title IX - Athletics,9/29/2016
MA,LEOMINSTER PUBLIC SCHOOLS,ESE,Title IX - Procedural Requirements,9/29/2016
MA,LESLEY UNIVERSITY,PSE,Title IX - Sexual Violence,4/13/2017
MA,LEXINGTON PUBLIC SCHOOLS,ESE,Title IX - Sexual Harassment,6/27/2017
MA,LYNN PUBLIC SCHOOLS,ESE,Title IX - Procedural Requirements,6/11/2015
MA,LYNN PUBLIC SCHOOLS,ESE,Title IX - Retaliation,6/11/2015
MA,MANCHESTER ESSEX REGIONAL SD,ESE,Title IX - Sexual Violence,2/23/2017
MA,MASSACHUSETTS COLLEGE OF ART & DESIGN,PSE,Title IX - Retaliation,7/31/2017
MA,MASSACHUSETTS COLLEGE OF ART & DESIGN,PSE,Title IX - Sexual Harassment,7/31/2017
MA,MASSACHUSETTS INSTITUTE OF TECHNOLOGY,PSE,Title IX - Others,11/4/2019
MA,MASSACHUSETTS INSTITUTE OF TECHNOLOGY,PSE,Title IX - Sexual Violence,8/13/2015
MA,NORTH RIVER COLLABORATIVE,ESE,Title IX - Procedural Requirements,7/17/2019
MA,NORTH RIVER COLLABORATIVE,ESE,Title IX - Sexual Violence,7/17/2019
MA,NORTHEASTERN UNIVERSITY,PSE,Title IX - Denial of Benefits,1/13/2020
MA,NORTHEASTERN UNIVERSITY,PSE,Title IX - Others,12/20/2019
MA,NORTHEASTERN UNIVERSITY,PSE,Title IX - Others,1/13/2020
MA,NORTHEASTERN UNIVERSITY,PSE,Title IX - Procedural Requirements,10/30/2014
MA,NORTHEASTERN UNIVERSITY,PSE,Title IX - Procedural Requirements,7/5/2016
MA,NORTHEASTERN UNIVERSITY,PSE,Title IX - Sexual Violence,10/30/2014
MA,NORTHEASTERN UNIVERSITY,PSE,Title IX - Sexual Violence,7/5/2016
MA,SANDWICH PUBLIC SCHOOLS,ESE,Title IX - Procedural Requirements,3/8/2017
MA,SANDWICH PUBLIC SCHOOLS,ESE,Title IX - Procedural Requirements,3/16/2017
MA,SANDWICH PUBLIC SCHOOLS,ESE,Title IX - Sexual Harassment,3/8/2017
MA,STONEHILL COLLEGE,PSE,Title IX - Dissemination of Policy,8/3/2017
MA,STONEHILL COLLEGE,PSE,Title IX - Procedural Requirements,8/3/2017
MA,STONEHILL COLLEGE,PSE,Title IX - Sexual Violence,3/3/2016
MA,STONEHILL COLLEGE,PSE,Title IX - Sexual Violence,8/3/2017
MA,TUFTS UNIVERSITY,PSE,Title IX - Denial of Benefits,6/21/2019
MA,TUFTS UNIVERSITY,PSE,Title IX - Procedural Requirements,4/9/2018
MA,TUFTS UNIVERSITY,PSE,Title IX - Sexual Harassment,4/9/2018
MA,UNIVERSITY OF MASSACHUSETTS-AMHERST,PSE,Title IX - Dissemination of Policy,6/30/2011
MA,UNIVERSITY OF MASSACHUSETTS-AMHERST,PSE,Title IX - Gender Harassment,6/30/2011
MA,UNIVERSITY OF MASSACHUSETTS-AMHERST,PSE,Title IX - Procedural Requirements,6/30/2011
MA,UNIVERSITY OF MASSACHUSETTS-AMHERST,PSE,Title IX - Sexual Harassment,6/30/2011
MA,UNIVERSITY OF MASSACHUSETTS-AMHERST,PSE,Title IX - Sexual Violence,6/30/2011
MA,UNIVERSITY OF MASSACHUSETTS-DARTMOUTH,PSE,Title IX - Sexual Violence,7/16/2014
MA,WESTERN NEW ENGLAND UNIVERSITY,PSE,Title IX - Dissemination of Policy,12/3/2015
MA,WESTERN NEW ENGLAND UNIVERSITY,PSE,Title IX - Procedural Requirements,12/3/2015
MA,WESTERN NEW ENGLAND UNIVERSITY,PSE,Title IX - Sexual Violence,12/3/2015
MA,WILLIAMS COLLEGE,PSE,Title IX - Procedural Requirements,6/19/2019
MA,WILLIAMS COLLEGE,PSE,Title IX - Sexual Violence,6/19/2019
MA,WORCESTER,ESE,Title IX - Sexual Harassment,3/25/2015
MA,WORCESTER,ESE,Title IX - Sexual Violence,3/25/2015
MA,WORCESTER POLYTECHNIC INSTITUTE,PSE,Title IX - Others,1/13/2020
MD,ANNE ARUNDEL COUNTY PUBLIC SCHOOLS,ESE,Title IX - Others,9/20/2019
MD,ANNE ARUNDEL COUNTY PUBLIC SCHOOLS,ESE,Title IX - Sexual Harassment,4/6/2018
MD,BOWIE STATE UNIVERSITY,PSE,Title IX - Athletics,1/6/2020
MD,CHARLES COUNTY PUBLIC SCHOOLS,ESE,Title IX - Retaliation,12/16/2015
MD,CHARLES COUNTY PUBLIC SCHOOLS,ESE,Title IX - Sexual Violence,12/16/2015
MD,IMAGINE LINCOLN PUBLIC CHARTER SCHOOL,ESE,Title IX - Sexual Violence,4/24/2018
MD,JOHNS HOPKINS UNIVERSITY,PSE,Title IX - Sexual Harassment,8/8/2014
MD,JOHNS HOPKINS UNIVERSITY,PSE,Title IX - Sexual Violence,8/8/2014
MD,MCDANIEL COLLEGE,PSE,Title IX - Sexual Harassment,8/29/2017
MD,MONTGOMERY COLLEGE,PSE,Title IX - Athletics,3/19/2012
MD,MONTGOMERY COLLEGE,PSE,Title IX - Retaliation,3/19/2012
MD,MONTGOMERY COUNTY PUBLIC SCHOOLS,ESE,Title IX - Athletics,9/17/2019
MD,MORGAN STATE UNIVERSITY,PSE,Title IX - Sexual Harassment,1/21/2020
MD,MORGAN STATE UNIVERSITY,PSE,Title IX - Sexual Violence,6/26/2014
MD,MOUNT SAINT MARY'S UNIVERSITY,PSE,Title IX - Sexual Harassment,10/2/2019
MD,ST. MARY'S COLLEGE OF MARYLAND,PSE,Title IX - Procedural Requirements,3/10/2015
MD,ST. MARY'S COLLEGE OF MARYLAND,PSE,Title IX - Sexual Violence,2/6/2015
MD,ST. MARY'S COLLEGE OF MARYLAND,PSE,Title IX - Sexual Violence,3/10/2015
MD,UNIVERSITY OF MARYLAND GLOBAL CAMPUS,PSE,Title IX - Denial of Benefits,1/14/2020
MD,UNIVERSITY OF MARYLAND-BALTIMORE COUNTY,PSE,Title IX - Sexual Violence,12/7/2016
MD,UNIVERSITY OF MARYLAND-COLLEGE PARK,PSE,Title IX - Retaliation,4/9/2019
MD,UNIVERSITY OF MARYLAND-COLLEGE PARK,PSE,Title IX - Sexual Violence,1/11/2017
MD,UNIVERSITY OF MARYLAND-COLLEGE PARK,PSE,Title IX - Sexual Violence,3/31/2017
MD,UNIVERSITY OF MARYLAND-COLLEGE PARK,PSE,Title IX - Sexual Violence,12/6/2017
MD,UNIVERSITY OF MARYLAND-COLLEGE PARK,PSE,Title IX - Sexual Violence,4/9/2019
ME,BAXTER ACADEMY FOR TECHNOLOGY AND SCIENCE,ESE,Title IX - Sexual Harassment,6/4/2019
ME,RSU #21,ESE,Title IX - Sexual Harassment,12/4/2019
ME,RSU 71 - BELFAST,ESE,Title IX - Athletics,1/2/2020
ME,SAINT JOSEPH'S COLLEGE,PSE,Title IX - Procedural Requirements,11/6/2019
ME,SOUTHERN MAINE COMMUNITY COLLEGE,PSE,Title IX - Others,1/22/2020
ME,UNIVERSITY OF MAINE AT FORT KENT,PSE,Title IX - Dissemination of Policy,10/26/2017
ME,UNIVERSITY OF MAINE AT FORT KENT,PSE,Title IX - Others,10/26/2017
ME,UNIVERSITY OF MAINE AT FORT KENT,PSE,Title IX - Procedural Requirements,10/26/2017
ME,UNIVERSITY OF NEW ENGLAND,PSE,Title IX - Denial of Benefits,10/7/2016
MI,ADRIAN COLLEGE,PSE,Title IX - Procedural Requirements,7/26/2018
MI,ADRIAN COLLEGE,PSE,Title IX - Sexual Violence,7/26/2018
MI,ALMA COLLEGE,PSE,Title IX - Procedural Requirements,10/20/2015
MI,ALMA COLLEGE,PSE,Title IX - Sexual Violence,10/20/2015
MI,ANDREWS UNIVERSITY,PSE,Title IX - Discipline,11/6/2018
MI,ARBOR PREPARATORY HIGH SCHOOL,ESE,Title IX - Sexual Harassment,3/5/2019
MI,BATTLE CREEK PUBLIC SCHOOLS,ESE,Title IX - Denial of Benefits,8/1/2016
MI,CHIPPEWA VALLEY SCHOOLS,ESE,Title IX - Gender Harassment,12/11/2017
MI,CHIPPEWA VALLEY SCHOOLS,ESE,Title IX - Procedural Requirements,12/11/2017
MI,COMSTOCK PARK PUBLIC SCHOOLS,ESE,Title IX - Retaliation,3/20/2018
MI,COMSTOCK PARK PUBLIC SCHOOLS,ESE,Title IX - Sexual Harassment,3/20/2018
MI,CONSTANTINE PUBLIC SCHOOL DISTRI,ESE,Title IX - Sexual Violence,3/8/2018
MI,DETROIT MERIT ACADEMY,ESE,Title IX - Sexual Violence,6/9/2017
MI,DETROIT PUBLIC SCHOOLS COMMUNITY DISTRICT,ESE,Title IX - Athletics,11/27/2019
MI,DETROIT PUBLIC SCHOOLS COMMUNITY DISTRICT,ESE,Title IX - Gender Harassment,3/30/2016
MI,DETROIT PUBLIC SCHOOLS COMMUNITY DISTRICT,ESE,Title IX - Procedural Requirements,3/30/2016
MI,DUNDEE COMMUNITY SCHOOLS,ESE,Title IX - Denial of Benefits,2/27/2019
MI,DUNDEE COMMUNITY SCHOOLS,ESE,Title IX - Procedural Requirements,2/27/2019
MI,FLUSHING COMMUNITY SCHOOLS,ESE,Title IX - Procedural Requirements,11/1/2017
MI,GRAND VALLEY STATE UNIVERSITY,PSE,Title IX - Denial of Benefits,6/20/2019
MI,GROSSE POINTE PUBLIC SCHOOLS,ESE,Title IX - Denial of Benefits,3/6/2018
MI,GROSSE POINTE PUBLIC SCHOOLS,ESE,Title IX - Procedural Requirements,3/6/2018
MI,GROSSE POINTE PUBLIC SCHOOLS,ESE,Title IX - Retaliation,3/6/2018
MI,GROSSE POINTE PUBLIC SCHOOLS,ESE,Title IX - Sexual Harassment,3/6/2018
MI,HARTLAND CONSOLIDATED SCHOOLS,ESE,Title IX - Sexual Harassment,3/5/2019
MI,HENRY FORD COLLEGE,PSE,Title IX - Procedural Requirements,2/1/2016
MI,HONEY CREEK COMMUNITY SCHOOL,ESE,Title IX - Dissemination of Policy,9/7/2018
MI,HONEY CREEK COMMUNITY SCHOOL,ESE,Title IX - Retaliation,9/7/2018
MI,JACKSON COLLEGE,PSE,Title IX - Retaliation,7/5/2017
MI,JACKSON COLLEGE,PSE,Title IX - Sexual Harassment,7/5/2017
MI,KALAMAZOO PUBLIC SCHOOL DISTRICT,ESE,Title IX - Discipline,8/7/2018
MI,KELLOGG COMMUNITY COLLEGE,PSE,Title IX - Denial of Benefits,11/4/2016
MI,KETTERING UNIVERSITY,PSE,Title IX - Admissions,12/16/2019
MI,LANSING PUBLIC SCHOOL DISTRICT,ESE,Title IX - Sexual Harassment,12/28/2017
MI,LAWRENCE TECHNOLOGICAL UNIVERSITY,PSE,Title IX - Sexual Harassment,12/26/2017
MI,MACOMB ISD,ESE,Title IX - Sexual Violence,4/12/2017
MI,MADISON-CARVER ACADEMY,ESE,Title IX - Sexual Harassment,3/31/2017
MI,MARSHALL ACADEMY,ESE,Title IX - Sexual Harassment,3/5/2018
MI,MICHIGAN STATE UNIVERSITY,PSE,Title IX - Denial of Benefits,10/31/2018
MI,MICHIGAN STATE UNIVERSITY,PSE,Title IX - Denial of Benefits,6/20/2019
MI,MICHIGAN STATE UNIVERSITY,PSE,Title IX - Gender Harassment,10/31/2018
MI,MICHIGAN STATE UNIVERSITY,PSE,Title IX - Procedural Requirements,9/27/2019
MI,MICHIGAN STATE UNIVERSITY,PSE,Title IX - Sexual Violence,7/28/2017
MI,MICHIGAN STATE UNIVERSITY,PSE,Title IX - Sexual Violence,9/27/2019
MI,NOVI COMMUNITY SCHOOL DISTRICT,ESE,Title IX - Athletics,2/24/2015
MI,OAKLAND COMMUNITY COLLEGE,PSE,Title IX - Denial of Benefits,7/28/2015
MI,OAKLAND COMMUNITY COLLEGE,PSE,Title IX - Procedural Requirements,7/28/2015
MI,OAKLAND COMMUNITY COLLEGE,PSE,Title IX - Retaliation,7/28/2015
MI,OXFORD COMMUNITY SCHOOLS,ESE,Title IX - Procedural Requirements,5/23/2017
MI,OXFORD COMMUNITY SCHOOLS,ESE,Title IX - Retaliation,5/23/2017
MI,OXFORD COMMUNITY SCHOOLS,ESE,Title IX - Sexual Harassment,5/23/2017
MI,PAW PAW PUBLIC SCHOOL DISTRICT,ESE,Title IX - Procedural Requirements,9/6/2019
MI,PAW PAW PUBLIC SCHOOL DISTRICT,ESE,Title IX - Retaliation,9/6/2019
MI,PAW PAW PUBLIC SCHOOL DISTRICT,ESE,Title IX - Sexual Harassment,9/6/2019
MI,ROCKFORD PUBLIC SCHOOLS,ESE,Title IX - Procedural Requirements,3/2/2017
MI,ROCKFORD PUBLIC SCHOOLS,ESE,Title IX - Sexual Violence,3/2/2017
MI,SAGINAW VALLEY STATE UNIVERSITY,PSE,Title IX - Denial of Benefits,6/20/2019
MI,SCHOOLCRAFT COLLEGE,PSE,Title IX - Procedural Requirements,2/7/2017
MI,SPRING ARBOR UNIVERSITY,PSE,Title IX - Denial of Benefits,8/8/2016
MI,UNION CITY COMMUNITY SCHOOLS,ESE,Title IX - Denial of Benefits,8/18/2017
MI,UNIVERSITY OF DETROIT MERCY,PSE,Title IX - Admissions,1/10/2020
MI,UNIVERSITY OF DETROIT MERCY,PSE,Title IX - Denial of Benefits,7/3/2019
MI,UNIVERSITY OF MICHIGAN-ANN ARBOR,PSE,Title IX - Denial of Benefits,1/24/2019
MI,UNIVERSITY OF MICHIGAN-ANN ARBOR,PSE,Title IX - Dissemination of Policy,2/21/2014
MI,UNIVERSITY OF MICHIGAN-ANN ARBOR,PSE,Title IX - Others,1/24/2019
MI,UNIVERSITY OF MICHIGAN-ANN ARBOR,PSE,Title IX - Procedural Requirements,2/21/2014
MI,UNIVERSITY OF MICHIGAN-ANN ARBOR,PSE,Title IX - Procedural Requirements,1/24/2019
MI,UNIVERSITY OF MICHIGAN-ANN ARBOR,PSE,Title IX - Sexual Violence,2/21/2014
MI,WAYNE STATE UNIVERSITY,PSE,Title IX - Denial of Benefits,1/23/2019
MI,WAYNE STATE UNIVERSITY,PSE,Title IX - Discipline,3/19/2019
MI,WAYNE STATE UNIVERSITY,PSE,Title IX - Retaliation,8/16/2018
MN,ANOKA-HENNEPIN,ESE,Title IX - Procedural Requirements,11/16/2016
MN,ANOKA-HENNEPIN,ESE,Title IX - Retaliation,11/16/2016
MN,ANOKA-HENNEPIN,ESE,Title IX - Sexual Violence,11/16/2016
MN,COLLEGE OF ST. SCHOLASTICA,PSE,Title IX - Procedural Requirements,8/26/2016
MN,COLLEGE OF ST. SCHOLASTICA,PSE,Title IX - Retaliation,8/26/2016
MN,COLLEGE OF ST. SCHOLASTICA,PSE,Title IX - Sexual Violence,8/26/2016
MN,DAKOTA COUNTY TECHNICAL COLLEGE,PSE,Title IX - Athletics,7/1/2015
MN,INDEPENDENT SCHOOL DISTRICT 564-THIEF RIVER FALLS ,ESE,Title IX - Sexual Harassment,7/25/2017
MN,LAPORTE,ESE,Title IX - Procedural Requirements,6/28/2017
MN,LAPORTE,ESE,Title IX - Sexual Violence,6/28/2017
MN,PINE CITY,ESE,Title IX - Procedural Requirements,7/5/2017
MN,PINE CITY,ESE,Title IX - Sexual Harassment,7/5/2017
MN,SAINT CLOUD STATE UNIVERSITY,PSE,Title IX - Sexual Violence,11/5/2015
MN,SAINT OLAF COLLEGE,PSE,Title IX - Sexual Violence,5/24/2016
MN,SPECTRUM HIGH SCHOOL,ESE,Title IX - Denial of Benefits,2/10/2014
MN,UNIVERSITY OF MINNESOTA-DULUTH,PSE,Title IX - Athletics,2/24/2016
MN,UNIVERSITY OF MINNESOTA-TWIN CITIES,PSE,Title IX - Others,8/13/2019
MN,UNIVERSITY OF MINNESOTA-TWIN CITIES,PSE,Title IX - Sexual Harassment,1/21/2016
MN,UNIVERSITY OF ST THOMAS,PSE,Title IX - Others,11/22/2019
MN,UNIVERSITY OF ST THOMAS,PSE,Title IX - Sexual Violence,9/10/2019
MO,CENTRALIA R-VI SCHOOL DISTRICT,ESE,Title IX - Athletics,7/17/2014
MO,HARRIS-STOWE STATE UNIVERSITY,PSE,Title IX - Athletics,9/23/2014
MO,LOGAN-ROGERSVILLE R-VIII SCHOOL DISTRICT,ESE,Title IX - Sexual Harassment,7/31/2017
MO,MARYVILLE UNIVERSITY-SAINT LOUIS,PSE,Title IX - Denial of Benefits,2/26/2015
MO,MARYVILLE UNIVERSITY-SAINT LOUIS,PSE,Title IX - Retaliation,2/26/2015
MO,METROPOLITAN COMMUNITY COLLEGE,PSE,Title IX - Gender Harassment,1/8/2016
MO,MISSOURI BAPTIST UNIVERSITY,PSE,Title IX - Sexual Harassment,5/4/2018
MO,MISSOURI BAPTIST UNIVERSITY,PSE,Title IX - Sexual Violence,5/4/2018
MO,MISSOURI STATE UNIVERSITY,PSE,Title IX - Athletics,6/29/2017
MO,MISSOURI UNIVERSITY OF SCIENCE AND TECHNOLOGY,PSE,Title IX - Sexual Violence,5/21/2014
MO,NORTH KANSAS CITY #74 SCHOOL DISTRICT,ESE,Title IX - Denial of Benefits,2/13/2018
MO,NORTHWEST MISSOURI STATE UNIVERSITY,PSE,Title IX - Procedural Requirements,1/25/2017
MO,SAINT LOUIS UNIVERSITY,PSE,Title IX - Gender Harassment,4/23/2018
MO,SAINT LOUIS UNIVERSITY,PSE,Title IX - Retaliation,4/23/2018
MO,ST. JOSEPH SCHOOL DISTRICT,ESE,Title IX - Retaliation,7/1/2016
MO,UNIVERSITY OF MISSOURI-ST. LOUIS,PSE,Title IX - Retaliation,1/24/2017
MO,UNIVERSITY OF MISSOURI-ST. LOUIS,PSE,Title IX - Sexual Harassment,1/24/2017
MO,WASHINGTON UNIVERSITY IN ST. LOUIS,PSE,Title IX - Sexual Violence,7/10/2017
MO,WEBSTER GROVES SCHOOL DISTRICT,ESE,Title IX - Athletics,3/30/2016
MO,WEBSTER UNIVERSITY,PSE,Title IX - Denial of Benefits,2/3/2015
MO,WEBSTER UNIVERSITY,PSE,Title IX - Sexual Harassment,6/19/2019
MS,HATTIESBURG PUBLIC SCHOOL DIST,ESE,Title IX - Athletics,4/10/2019
MS,JACKSON CO SCHOOL DIST,ESE,Title IX - Dissemination of Policy,2/12/2018
MS,JACKSON CO SCHOOL DIST,ESE,Title IX - Procedural Requirements,2/12/2018
MS,JACKSON CO SCHOOL DIST,ESE,Title IX - Retaliation,2/12/2018
MS,JACKSON PUBLIC SCHOOL DIST,ESE,Title IX - Athletics,12/2/2014
MS,JACKSON PUBLIC SCHOOL DIST,ESE,Title IX - Others,12/2/2014
MS,JACKSON PUBLIC SCHOOL DIST,ESE,Title IX - Retaliation,9/28/2018
MS,JACKSON PUBLIC SCHOOL DIST,ESE,Title IX - Sexual Violence,9/28/2018
MS,LINCOLN COUNTY SCHOOL DISTRICT,ESE,Title IX - Athletics,9/8/2017
MS,LINCOLN COUNTY SCHOOL DISTRICT,ESE,Title IX - Athletics,4/24/2018
MS,MISSISSIPPI ACHIEVEMENT SCHOOL DISTRICT ,ESE,Title IX - Sexual Harassment,11/8/2019
MS,UNIVERSITY OF SOUTHERN MISSISSIPPI,PSE,Title IX - Retaliation,5/9/2019
MT,BROWNING SD NO. 9,ESE,Title IX - Sexual Harassment,1/13/2017
MT,LOCKWOOD SD NO. 26,ESE,Title IX - Sexual Harassment,7/29/2016
MT,LOCKWOOD SD NO. 26,ESE,Title IX - Sexual Violence,12/17/2014
MT,MONTANA STATE UNIVERSITY-BOZEMAN,PSE,Title IX - Denial of Benefits,2/4/2016
MT,MONTANA STATE UNIVERSITY-BOZEMAN,PSE,Title IX - Retaliation,2/4/2016
MT,RONAN SD NO. 30,ESE,Title IX - Sexual Harassment,11/16/2016
NC,ALAMANCE-BURLINGTON SCHOOLS,ESE,Title IX - Athletics,8/28/2018
NC,ARAPAHOE CHARTER,ESE,Title IX - Sexual Harassment,8/29/2018
NC,ARAPAHOE CHARTER,ESE,Title IX - Sexual Violence,8/29/2018
NC,BARTON COLLEGE,PSE,Title IX - Retaliation,7/18/2018
NC,BARTON COLLEGE,PSE,Title IX - Sexual Violence,7/18/2018
NC,CATAWBA COUNTY SCHOOLS,ESE,Title IX - Sexual Violence,2/14/2017
NC,CLEVELAND COUNTY SCHOOLS,ESE,Title IX - Athletics,12/12/2017
NC,CUMBERLAND COUNTY SCHOOLS,ESE,Title IX - Retaliation,9/7/2017
NC,CUMBERLAND COUNTY SCHOOLS,ESE,Title IX - Sexual Violence,9/7/2017
NC,DAVIDSON COUNTY COMMUNITY COLLEGE,PSE,Title IX - Retaliation,9/17/2019
NC,DAVIDSON COUNTY COMMUNITY COLLEGE,PSE,Title IX - Sexual Harassment,1/15/2019
NC,DUKE UNIVERSITY,PSE,Title IX - Gender Harassment,11/9/2015
NC,DUKE UNIVERSITY,PSE,Title IX - Sexual Violence,11/20/2015
NC,DUPLIN COUNTY SCHOOLS,ESE,Title IX - Retaliation,11/8/2017
NC,DUPLIN COUNTY SCHOOLS,ESE,Title IX - Sexual Violence,11/8/2017
NC,DURHAM PUBLIC SCHOOLS,ESE,Title IX - Retaliation,1/9/2018
NC,DURHAM PUBLIC SCHOOLS,ESE,Title IX - Sexual Violence,1/9/2018
NC,FAYETTEVILLE STATE UNIVERSITY,PSE,Title IX - Denial of Benefits,7/31/2017
NC,FAYETTEVILLE STATE UNIVERSITY,PSE,Title IX - Others,7/31/2017
NC,GASTON COUNTY SCHOOLS,ESE,Title IX - Retaliation,1/11/2019
NC,GASTON COUNTY SCHOOLS,ESE,Title IX - Sexual Violence,1/11/2019
NC,GUILFORD COLLEGE,PSE,Title IX - Retaliation,7/21/2017
NC,GUILFORD COLLEGE,PSE,Title IX - Sexual Harassment,7/21/2017
NC,GUILFORD COLLEGE,PSE,Title IX - Sexual Violence,7/21/2017
NC,GUILFORD TECHNICAL COMMUNITY COLLEGE,PSE,Title IX - Procedural Requirements,11/15/2019
NC,GUILFORD TECHNICAL COMMUNITY COLLEGE,PSE,Title IX - Retaliation,11/15/2019
NC,LINCOLN COUNTY SCHOOLS,ESE,Title IX - Athletics,5/1/2019
NC,LINCOLN COUNTY SCHOOLS,ESE,Title IX - Athletics,5/14/2019
NC,METHODIST UNIVERSITY,PSE,Title IX - Sexual Violence,2/1/2017
NC,NEW HANOVER COUNTY SCHOOLS,ESE,Title IX - Retaliation,12/1/2015
NC,NEW HANOVER COUNTY SCHOOLS,ESE,Title IX - Sexual Violence,12/1/2015
NC,QUEENS UNIVERSITY OF CHARLOTTE,PSE,Title IX - Denial of Benefits,5/17/2017
NC,QUEENS UNIVERSITY OF CHARLOTTE,PSE,Title IX - Retaliation,5/17/2017
NC,UNIVERSITY OF NORTH CAROLINA AT CHAPEL HILL,PSE,Title IX - Sexual Harassment,12/3/2019
NC,UNIVERSITY OF NORTH CAROLINA AT CHARLOTTE,PSE,Title IX - Sexual Harassment,5/11/2018
NC,UNIVERSITY OF NORTH CAROLINA-WILMINGTON,PSE,Title IX - Others,7/3/2019
NC,WAKE COUNTY PUBLIC SCHOOL SYSTEM,ESE,Title IX - Gender Harassment,4/14/2017
NC,WAKE COUNTY PUBLIC SCHOOL SYSTEM,ESE,Title IX - Retaliation,11/16/2016
NC,WAKE COUNTY PUBLIC SCHOOL SYSTEM,ESE,Title IX - Sexual Violence,11/16/2016
NC,WINSTON-SALEM/FORSYTH COUNTY SCHOOLS,ESE,Title IX - Athletics,9/13/2018
NC,YADKIN COUNTY SCHOOLS,ESE,Title IX - Retaliation,9/9/2016
NC,YADKIN COUNTY SCHOOLS,ESE,Title IX - Sexual Violence,9/9/2016
ND,NORTH DAKOTA HIGH SCHOOL ACTIVITIES ASSOCIATION,ESE,Title IX - Denial of Benefits,6/10/2016
NE,BENNINGTON PUBLIC SCHOOLS,ESE,Title IX - Sexual Harassment,8/23/2017
NE,CREIGHTON UNIVERSITY,PSE,Title IX - Sexual Violence,10/16/2017
NE,SOUTHEAST COMMUNITY COLLEGE,PSE,Title IX - Denial of Benefits,4/18/2011
NE,SOUTHEAST COMMUNITY COLLEGE,PSE,Title IX - GT/STEM/CCR,4/18/2011
NH,BARRINGTON SCH DIST,ESE,Title IX - Procedural Requirements,10/20/2016
NH,BARRINGTON SCH DIST,ESE,Title IX - Retaliation,10/20/2016
NH,BARRINGTON SCH DIST,ESE,Title IX - Sexual Harassment,10/20/2016
NH,DARTMOUTH COLLEGE,PSE,Title IX - Others,5/31/2013
NH,DARTMOUTH COLLEGE,PSE,Title IX - Procedural Requirements,5/31/2013
NH,DARTMOUTH COLLEGE,PSE,Title IX - Retaliation,2/6/2015
NH,DARTMOUTH COLLEGE,PSE,Title IX - Retaliation,2/22/2017
NH,DARTMOUTH COLLEGE,PSE,Title IX - Sexual Violence,5/31/2013
NH,DARTMOUTH COLLEGE,PSE,Title IX - Sexual Violence,8/21/2015
NH,DARTMOUTH COLLEGE,PSE,Title IX - Sexual Violence,2/22/2017
NH,FRANKLIN PIERCE UNIVERSITY,PSE,Title IX - Athletics,12/2/2019
NH,MILFORD SCH DIST,ESE,Title IX - Sexual Harassment,4/17/2018
NH,NASHUA SD,ESE,Title IX - Sexual Violence,6/27/2018
NH,SAU #24,ESE,Title IX - Sexual Harassment,5/18/2017
NH,UNIVERSITY OF NEW HAMPSHIRE-MAIN CAMPUS,PSE,Title IX - Others,11/27/2019
NH,UNIVERSITY OF NEW HAMPSHIRE-MAIN CAMPUS,PSE,Title IX - Others,1/29/2020
NJ,BELLEVILLE PUBLIC SCHOOLS,ESE,Title IX - Gender Harassment,4/17/2014
NJ,BRIDGEWATER-RARITAN REGIONAL SD,ESE,Title IX - Retaliation,1/22/2020
NJ,BRIDGEWATER-RARITAN REGIONAL SD,ESE,Title IX - Sexual Harassment,1/22/2020
NJ,EAGLESWOOD TWP SD,ESE,Title IX - Sexual Violence,12/13/2019
NJ,GARFIELD SCHOOL DISTRICT,ESE,Title IX - Discipline,12/15/2014
NJ,HOPEWELL VALLEY REGIONAL SCHOOL DISTRICT,ESE,Title IX - Athletics,11/5/2019
NJ,JOE KUBERT SCHOOL OF CARTOON AND GRAPHIC ART,PSE,Title IX - Gender Harassment,4/21/2016
NJ,JOE KUBERT SCHOOL OF CARTOON AND GRAPHIC ART,PSE,Title IX - Retaliation,4/21/2016
NJ,JOE KUBERT SCHOOL OF CARTOON AND GRAPHIC ART,PSE,Title IX - Sexual Harassment,4/21/2016
NJ,KEARNY SCHOOL DISTRICT,ESE,Title IX - Athletics,1/29/2015
NJ,KEARNY SCHOOL DISTRICT,ESE,Title IX - Denial of Benefits,1/29/2015
NJ,MIDDLESEX COUNTY COLLEGE,PSE,Title IX - Procedural Requirements,4/29/2015
NJ,MIDDLESEX COUNTY COLLEGE,PSE,Title IX - Sexual Harassment,4/29/2015
NJ,MONMOUTH UNIVERSITY,PSE,Title IX - Sexual Violence,4/21/2016
NJ,NEPTUNE TOWNSHIP SCHOOL DISTRICT,ESE,Title IX - Procedural Requirements,8/24/2017
NJ,NORTHERN BURLINGTON REG COUNTY SD,ESE,Title IX - Procedural Requirements,3/15/2017
NJ,NORTHERN BURLINGTON REG COUNTY SD,ESE,Title IX - Sexual Harassment,3/15/2017
NJ,PRINCETON UNIVERSITY,PSE,Title IX - Denial of Benefits,7/9/2018
NJ,PRINCETON UNIVERSITY,PSE,Title IX - Gender Harassment,7/28/2015
NJ,PRINCETON UNIVERSITY,PSE,Title IX - Sexual Violence,8/11/2016
NJ,ROSELLE PUBLIC SCHOOLS,ESE,Title IX - Sexual Violence,8/27/2015
NJ,SETON HALL UNIVERSITY,PSE,Title IX - Sexual Violence,7/22/2015
NJ,SOMERVILLE PUBLIC SCHOOL DISTRICT,ESE,Title IX - Discipline,6/4/2019
NJ,STOCKTON UNIVERSITY,PSE,Title IX - Sexual Violence,11/14/2018
NM,ALBUQUERQUE INSTITUTE FOR MATH & SCIENCE,ESE,Title IX - Procedural Requirements,6/29/2018
NM,ALBUQUERQUE INSTITUTE FOR MATH & SCIENCE,ESE,Title IX - Sexual Harassment,6/29/2018
NM,ALBUQUERQUE PUBLIC SCHOOL DISTRICT,ESE,Title IX - Sexual Harassment,5/15/2018
NM,ALBUQUERQUE PUBLIC SCHOOL DISTRICT,ESE,Title IX - Sexual Harassment,12/26/2019
NM,NEW MEXICO INSTITUTE OF MINING AND TECHNOLOGY,PSE,Title IX - Procedural Requirements,7/19/2016
NM,NEW MEXICO INSTITUTE OF MINING AND TECHNOLOGY,PSE,Title IX - Retaliation,7/19/2016
NM,NEW MEXICO INSTITUTE OF MINING AND TECHNOLOGY,PSE,Title IX - Sexual Violence,7/19/2016
NM,NEW MEXICO MILITARY INSTITUTE,PSE,Title IX - Sexual Harassment,10/12/2018
NM,UNIVERSITY OF NEW MEXICO-MAIN CAMPUS,PSE,Title IX - Procedural Requirements,11/27/2019
NM,UNIVERSITY OF NEW MEXICO-MAIN CAMPUS,PSE,Title IX - Sexual Harassment,11/27/2019
NV,CLARK COUNTY SD,ESE,Title IX - Discipline,2/10/2015
NV,CLARK COUNTY SD,ESE,Title IX - Retaliation,12/2/2016
NV,CLARK COUNTY SD,ESE,Title IX - Sexual Harassment,12/2/2016
NV,CLARK COUNTY SD,ESE,Title IX - Sexual Harassment,8/3/2018
NV,UNIVERSITY OF NV-LAS VEGAS,PSE,Title IX - Retaliation,2/26/2016
NV,UNIVERSITY OF NV-LAS VEGAS,PSE,Title IX - Retaliation,3/15/2016
NV,UNIVERSITY OF NV-RENO,PSE,Title IX - Sexual Harassment,10/26/2016
NY,ALDEN CSD,ESE,Title IX - Athletics,12/29/2016
NY,AVERILL PARK CSD,ESE,Title IX - Athletics,1/9/2014
NY,BARD COLLEGE,PSE,Title IX - Sexual Violence,12/30/2015
NY,BARNARD COLLEGE,PSE,Title IX - Sexual Violence,12/29/2014
NY,BOCES MONROE 2,ESE,Title IX - Retaliation,6/30/2015
NY,BOCES MONROE 2,ESE,Title IX - Sexual Harassment,6/30/2015
NY,BROOKLYN SCHOLARS CHARTER SCHOOL,ESE,Title IX - Gender Harassment,1/27/2014
NY,CANISIUS COLLEGE,PSE,Title IX - Retaliation,12/11/2014
NY,CANISIUS COLLEGE,PSE,Title IX - Sexual Harassment,12/11/2014
NY,CANISIUS COLLEGE,PSE,Title IX - Sexual Violence,12/11/2014
NY,COLUMBIA UNIVERSITY,PSE,Title IX - Retaliation,7/30/2015
NY,COLUMBIA UNIVERSITY,PSE,Title IX - Retaliation,2/14/2017
NY,COLUMBIA UNIVERSITY,PSE,Title IX - Sexual Harassment,2/14/2017
NY,COLUMBIA UNIVERSITY,PSE,Title IX - Sexual Harassment,6/28/2018
NY,COLUMBIA UNIVERSITY,PSE,Title IX - Sexual Violence,1/8/2015
NY,COLUMBIA UNIVERSITY,PSE,Title IX - Sexual Violence,7/30/2015
NY,COLUMBIA UNIVERSITY,PSE,Title IX - Sexual Violence,6/28/2018
NY,CORNELL UNIVERSITY,PSE,Title IX - Denial of Benefits,5/26/2015
NY,CORNELL UNIVERSITY,PSE,Title IX - Retaliation,5/26/2015
NY,CORNELL UNIVERSITY,PSE,Title IX - Retaliation,12/2/2015
NY,CORNELL UNIVERSITY,PSE,Title IX - Retaliation,4/2/2018
NY,CORNELL UNIVERSITY,PSE,Title IX - Sexual Harassment,8/26/2016
NY,CORNELL UNIVERSITY,PSE,Title IX - Sexual Harassment,12/21/2016
NY,CORNELL UNIVERSITY,PSE,Title IX - Sexual Harassment,1/26/2017
NY,CORNELL UNIVERSITY,PSE,Title IX - Sexual Violence,5/26/2015
NY,CORNELL UNIVERSITY,PSE,Title IX - Sexual Violence,12/2/2015
NY,CORNELL UNIVERSITY,PSE,Title IX - Sexual Violence,4/2/2018
NY,CORNING PAINTED POST AREA SD,ESE,Title IX - Sexual Harassment,12/21/2016
NY,CUNY GRADUATE CENTER,PSE,Title IX - Retaliation,6/7/2016
NY,CUNY HUNTER COLLEGE,PSE,Title IX - Retaliation,5/4/2017
NY,CUNY HUNTER COLLEGE,PSE,Title IX - Sexual Violence,5/4/2017
NY,CUNY LEHMAN COLLEGE,PSE,Title IX - Retaliation,7/6/2016
NY,CUNY LEHMAN COLLEGE,PSE,Title IX - Sexual Harassment,7/6/2016
NY,CUNY SCHOOL OF LAW ,PSE,Title IX - Retaliation,6/24/2019
NY,CUNY SCHOOL OF LAW ,PSE,Title IX - Sexual Violence,6/24/2019
NY,CUNY YORK COLLEGE,PSE,Title IX - Retaliation,5/23/2017
NY,CUNY YORK COLLEGE,PSE,Title IX - Sexual Harassment,5/23/2017
NY,D' YOUVILLE COLLEGE,PSE,Title IX - Procedural Requirements,11/19/2019
NY,D' YOUVILLE COLLEGE,PSE,Title IX - Sexual Harassment,11/19/2019
NY,EAST MEADOW UFSD,ESE,Title IX - Sexual Violence,6/21/2017
NY,EAST RAMAPO CENTRAL SCHOOL DISTRICT,ESE,Title IX - Denial of Benefits,8/14/2015
NY,GARDEN CITY PUBLIC SCHOOLS,ESE,Title IX - Sexual Harassment,10/4/2017
NY,GATES-CHILI CENTRAL SCHOOL DISTRICT,ESE,Title IX - Gender Harassment,8/7/2014
NY,HAMILTON COLLEGE,PSE,Title IX - Retaliation,11/14/2014
NY,HAMILTON COLLEGE,PSE,Title IX - Sexual Harassment,11/14/2014
NY,HAMILTON COLLEGE,PSE,Title IX - Sexual Violence,11/14/2014
NY,HOLLEY CENTRAL SCHOOL DISTRICT,ESE,Title IX - Sexual Harassment,3/17/2017
NY,ITHACA COLLEGE,PSE,Title IX - Retaliation,12/2/2016
NY,ITHACA COLLEGE,PSE,Title IX - Sexual Violence,12/2/2016
NY,ITHACA COLLEGE,PSE,Title IX - Sexual Violence,10/5/2018
NY,ITHACA COLLEGE,PSE,Title IX - Sexual Violence,1/16/2020
NY,MARIST COLLEGE,PSE,Title IX - Athletics,2/13/2018
NY,MEXICO CENTRAL SCHOOL DISTRICT,ESE,Title IX - Athletics,11/6/2014
NY,NEW YORK CITY DEPARTMENT OF EDUCATION,ESE,Title IX - Procedural Requirements,11/23/2016
NY,NEW YORK CITY DEPARTMENT OF EDUCATION,ESE,Title IX - Retaliation,11/23/2016
NY,NEW YORK CITY DEPARTMENT OF EDUCATION,ESE,Title IX - Retaliation,12/2/2016
NY,NEW YORK CITY DEPARTMENT OF EDUCATION,ESE,Title IX - Sexual Harassment,12/2/2016
NY,NEW YORK CITY DEPARTMENT OF EDUCATION,ESE,Title IX - Sexual Violence,8/3/2015
NY,NEW YORK CITY DEPARTMENT OF EDUCATION,ESE,Title IX - Sexual Violence,11/23/2016
NY,NEW YORK COLLEGE OF HEALTH PROFESSIONS,PSE,Title IX - Sexual Violence,6/26/2017
NY,NEW YORK UNIVERSITY,PSE,Title IX - Denial of Benefits,2/20/2019
NY,NEW YORK UNIVERSITY,PSE,Title IX - Gender Harassment,6/9/2017
NY,NEW YORK UNIVERSITY,PSE,Title IX - Others,2/20/2019
NY,NEW YORK UNIVERSITY SCHOOL OF MEDICINE,PSE,Title IX - Sexual Violence,7/16/2015
NY,NEW YORK UNIVERSITY SCHOOL OF MEDICINE,PSE,Title IX - Sexual Violence,4/28/2017
NY,NORMAN HOWARD SCHOOL,ESE,Title IX - Sexual Harassment,3/17/2017
NY,PACE UNIVERSITY-NEW YORK,PSE,Title IX - Denial of Benefits,9/26/2017
NY,PACE UNIVERSITY-NEW YORK,PSE,Title IX - Denial of Benefits,1/6/2020
NY,PACE UNIVERSITY-NEW YORK,PSE,Title IX - Retaliation,9/26/2017
NY,PAVILION CSD,ESE,Title IX - Procedural Requirements,6/11/2019
NY,PAVILION CSD,ESE,Title IX - Retaliation,6/11/2019
NY,PAVILION CSD,ESE,Title IX - Sexual Violence,6/11/2019
NY,POLYTECHNIC INSTITUTE OF NEW YORK UNIVERSITY,PSE,Title IX - Sexual Violence,5/22/2015
NY,RENSSELAER POLYTECHNIC INSTITUTE,PSE,Title IX - Sexual Harassment,11/20/2017
NY,RENSSELAER POLYTECHNIC INSTITUTE,PSE,Title IX - Sexual Violence,9/13/2018
NY,ROCHESTER INSTITUTE OF TECHNOLOGY,PSE,Title IX - GT/STEM/CCR,8/15/2019
NY,ROCHESTER INSTITUTE OF TECHNOLOGY,PSE,Title IX - Others,8/15/2019
NY,ROCHESTER INSTITUTE OF TECHNOLOGY,PSE,Title IX - Sexual Harassment,10/17/2019
NY,ROCKEFELLER UNIVERSITY,PSE,Title IX - Sexual Violence,8/17/2016
NY,SARAH LAWRENCE COLLEGE,PSE,Title IX - Procedural Requirements,7/10/2018
NY,SARAH LAWRENCE COLLEGE,PSE,Title IX - Retaliation,7/10/2018
NY,SCHENECTADY CITY SCHOOL DISTRICT,ESE,Title IX - Sexual Harassment,8/23/2017
NY,SKIDMORE COLLEGE,PSE,Title IX - Procedural Requirements,2/26/2019
NY,SKIDMORE COLLEGE,PSE,Title IX - Sexual Harassment,3/22/2018
NY,SKIDMORE COLLEGE,PSE,Title IX - Sexual Harassment,2/26/2019
NY,SKIDMORE COLLEGE,PSE,Title IX - Sexual Violence,1/28/2016
NY,SOUTH ORANGETOWN CSD,ESE,Title IX - Athletics,3/7/2017
NY,SOUTH ORANGETOWN CSD,ESE,Title IX - Denial of Benefits,3/7/2017
NY,SOUTH ORANGETOWN CSD,ESE,Title IX - Retaliation,3/7/2017
NY,SOUTH ORANGETOWN CSD,ESE,Title IX - Sexual Harassment,3/7/2017
NY,ST LAWRENCE UNIVERSITY,PSE,Title IX - Sexual Violence,8/30/2018
NY,ST. JOHN'S UNIVERSITY,PSE,Title IX - Sexual Violence,5/27/2015
NY,ST. JOHN'S UNIVERSITY,PSE,Title IX - Sexual Violence,10/1/2015
NY,SUNY AT ALBANY UNIVERSITY,PSE,Title IX - Others,6/25/2015
NY,SUNY AT ALBANY UNIVERSITY,PSE,Title IX - Retaliation,6/16/2015
NY,SUNY AT ALBANY UNIVERSITY,PSE,Title IX - Retaliation,6/25/2015
NY,SUNY AT ALBANY UNIVERSITY,PSE,Title IX - Sexual Harassment,10/14/2014
NY,SUNY AT ALBANY UNIVERSITY,PSE,Title IX - Sexual Violence,6/16/2015
NY,SUNY AT CANTON,PSE,Title IX - Retaliation,1/21/2016
NY,SUNY AT CANTON,PSE,Title IX - Sexual Harassment,1/21/2016
NY,SUNY AT DELHI,PSE,Title IX - Sexual Violence,7/17/2017
NY,SUNY AT STONY BROOK UNIVERSITY,PSE,Title IX - Denial of Benefits,3/8/2017
NY,SUNY AT STONY BROOK UNIVERSITY,PSE,Title IX - Gender Harassment,3/8/2017
NY,SUNY AT STONY BROOK UNIVERSITY,PSE,Title IX - Sexual Violence,7/23/2014
NY,SUNY BROOME COMMUNITY COLLEGE,PSE,Title IX - Sexual Harassment,10/23/2015
NY,SUNY COLLEGE AT BROCKPORT,PSE,Title IX - Sexual Violence,2/12/2015
NY,SUNY COLLEGE AT PLATTSBURGH,PSE,Title IX - Sexual Violence,1/4/2017
NY,SUNY COLLEGE AT POTSDAM,PSE,Title IX - Retaliation,8/11/2016
NY,SUNY COLLEGE AT POTSDAM,PSE,Title IX - Sexual Harassment,8/11/2016
NY,SUNY COLLEGE AT POTSDAM,PSE,Title IX - Sexual Harassment,6/30/2017
NY,SUNY COLLEGE AT POTSDAM,PSE,Title IX - Sexual Violence,6/22/2016
NY,SUNY COLLEGE AT POTSDAM,PSE,Title IX - Sexual Violence,6/30/2017
NY,SUNY MONROE COMMUNITY COLLEGE,PSE,Title IX - Sexual Violence,4/27/2016
NY,SUNY UNIVERSITY AT BUFFALO ,PSE,Title IX - Retaliation,1/22/2020
NY,SUNY UNIVERSITY AT BUFFALO ,PSE,Title IX - Sexual Harassment,1/22/2020
NY,THE NEW SCHOOL- PARSONS SCHOOL OF DESIGN,PSE,Title IX - Sexual Harassment,5/17/2016
NY,THE NEW SCHOOL UNIVERSITY,PSE,Title IX - Sexual Violence,2/8/2019
NY,TOURO COLLEGE,PSE,Title IX - Others,8/19/2014
NY,TOURO COLLEGE,PSE,Title IX - Retaliation,8/19/2014
NY,TOURO COLLEGE OF OSTEOPATHIC MEDICINE,PSE,Title IX - Sexual Harassment,9/21/2016
NY,UNION COLLEGE,PSE,Title IX - Sexual Violence,9/16/2015
NY,UNION-ENDICOTT CSD,ESE,Title IX - Gender Harassment,11/1/2019
NY,UNIVERSITY OF ROCHESTER,PSE,Title IX - Denial of Benefits,5/21/2015
NY,UNIVERSITY OF ROCHESTER,PSE,Title IX - Sexual Harassment,5/19/2016
NY,UNIVERSITY OF ROCHESTER,PSE,Title IX - Sexual Violence,5/21/2015
NY,WAYNE CENTRAL SCHOOL DISTRICT,ESE,Title IX - Gender Harassment,7/7/2014
OH,ADENA LOCAL SD,ESE,Title IX - Athletics,8/12/2015
OH,AUSTINTOWN LOCAL SD,ESE,Title IX - Athletics,7/23/2018
OH,BEREA CITY SCHOOL DISTRICT,ESE,Title IX - Dissemination of Policy,7/23/2015
OH,BEREA CITY SCHOOL DISTRICT,ESE,Title IX - Procedural Requirements,7/23/2015
OH,BEREA CITY SCHOOL DISTRICT,ESE,Title IX - Sexual Harassment,7/23/2015
OH,BEREA CITY SCHOOL DISTRICT,ESE,Title IX - Sexual Violence,7/23/2015
OH,BOWLING GREEN STATE UNIVERSITY-MAIN CAMPUS,PSE,Title IX - Procedural Requirements,9/28/2017
OH,BOWLING GREEN STATE UNIVERSITY-MAIN CAMPUS,PSE,Title IX - Retaliation,9/28/2017
OH,BOWLING GREEN STATE UNIVERSITY-MAIN CAMPUS,PSE,Title IX - Sexual Violence,9/28/2017
OH,CLEVELAND HTS-UNIV HTS CITY SCHOOL DISTRICT,ESE,Title IX - Sexual Harassment,3/11/2019
OH,CLEVELAND METROPOLITAN SCHOOL DISTRICT,ESE,Title IX - Procedural Requirements,12/13/2019
OH,CLEVELAND METROPOLITAN SCHOOL DISTRICT,ESE,Title IX - Retaliation,12/13/2019
OH,CLEVELAND METROPOLITAN SCHOOL DISTRICT,ESE,Title IX - Sexual Harassment,12/13/2019
OH,CLEVELAND METROPOLITAN SCHOOL DISTRICT,ESE,Title IX - Sexual Violence,6/22/2015
OH,CLEVELAND STATE UNIVERSITY,PSE,Title IX - Procedural Requirements,8/31/2015
OH,CLEVELAND STATE UNIVERSITY,PSE,Title IX - Sexual Violence,8/31/2015
OH,COLLEGE OF WOOSTER,PSE,Title IX - Procedural Requirements,11/17/2017
OH,COLLEGE OF WOOSTER,PSE,Title IX - Retaliation,11/15/2016
OH,COLLEGE OF WOOSTER,PSE,Title IX - Sexual Violence,9/2/2016
OH,COLLEGE OF WOOSTER,PSE,Title IX - Sexual Violence,9/29/2016
OH,COLLEGE OF WOOSTER,PSE,Title IX - Sexual Violence,11/17/2017
OH,COLUMBUS CITY SCHOOL DISTRICT,ESE,Title IX - Procedural Requirements,3/7/2014
OH,COLUMBUS CITY SCHOOL DISTRICT,ESE,Title IX - Retaliation,3/7/2014
OH,COLUMBUS CITY SCHOOL DISTRICT,ESE,Title IX - Sexual Harassment,7/13/2015
OH,CORY-RAWSON LOCAL SD,ESE,Title IX - Denial of Benefits,11/15/2016
OH,DENISON UNIVERSITY,PSE,Title IX - Sexual Violence,4/18/2017
OH,DUBLIN CITY SD,ESE,Title IX - Procedural Requirements,9/23/2019
OH,FORTIS COLLEGE- CUYAHOGA FALLS,PSE,Title IX - Denial of Benefits,1/24/2018
OH,FORTIS COLLEGE- CUYAHOGA FALLS,PSE,Title IX - Procedural Requirements,1/24/2018
OH,FORTIS COLLEGE- CUYAHOGA FALLS,PSE,Title IX - Retaliation,1/24/2018
OH,FORTIS COLLEGE- CUYAHOGA FALLS,PSE,Title IX - Sexual Harassment,1/24/2018
OH,GODS BIBLE SCHOOL AND COLLEGE,PSE,Title IX - Sexual Harassment,8/3/2017
OH,HAUGLAND LEARNING CENTER,ESE,Title IX - Procedural Requirements,7/18/2016
OH,HAUGLAND LEARNING CENTER,ESE,Title IX - Sexual Harassment,7/18/2016
OH,HONDROS COLLEGE OF NURSING - TOLEDO/MAUMEE,PSE,Title IX - Denial of Benefits,4/25/2018
OH,KENT STATE UNIVERSITY,PSE,Title IX - Denial of Benefits,11/13/2019
OH,KENT STATE UNIVERSITY,PSE,Title IX - Sexual Harassment,11/6/2015
OH,MARIETTA COLLEGE,PSE,Title IX - Procedural Requirements,2/27/2019
OH,MARIETTA COLLEGE,PSE,Title IX - Sexual Violence,2/27/2019
OH,MIAMI UNIVERSITY-OXFORD,PSE,Title IX - Retaliation,6/9/2017
OH,MIAMI UNIVERSITY-OXFORD,PSE,Title IX - Sexual Violence,11/3/2016
OH,MIAMI UNIVERSITY-OXFORD,PSE,Title IX - Sexual Violence,6/9/2017
OH,OBERLIN COLLEGE,PSE,Title IX - Discipline,10/18/2017
OH,OBERLIN COLLEGE,PSE,Title IX - Procedural Requirements,11/24/2015
OH,OBERLIN COLLEGE,PSE,Title IX - Retaliation,11/24/2015
OH,OBERLIN COLLEGE,PSE,Title IX - Sexual Violence,11/24/2015
OH,OBERLIN COLLEGE,PSE,Title IX - Sexual Violence,1/9/2017
OH,OHIO WESLEYAN UNIVERSITY,PSE,Title IX - Denial of Benefits,6/22/2017
OH,OLENTANGY LOCAL SCHOOL DISTRICT,ESE,Title IX - Athletics,2/20/2019
OH,PLEASANT LOCAL SD,ESE,Title IX - Procedural Requirements,11/29/2017
OH,PLEASANT LOCAL SD,ESE,Title IX - Retaliation,11/29/2017
OH,PLEASANT LOCAL SD,ESE,Title IX - Sexual Harassment,11/29/2017
OH,PONTIFICAL COLLEGE JOSEPHINUM,PSE,Title IX - Procedural Requirements,7/19/2018
OH,PONTIFICAL COLLEGE JOSEPHINUM,PSE,Title IX - Retaliation,7/19/2018
OH,PONTIFICAL COLLEGE JOSEPHINUM,PSE,Title IX - Sexual Violence,7/19/2018
OH,SOUTHWESTERN BUCKEYE LEAGUE,ESE,Title IX - Athletics,12/23/2010
OH,THE CHRIST COLLEGE OF NURSING,PSE,Title IX - Denial of Benefits,9/23/2016
OH,THE OHIO STATE UNIVERSITY-MAIN CAMPUS,PSE,Title IX - Denial of Benefits,12/5/2019
OH,THE OHIO STATE UNIVERSITY-MAIN CAMPUS,PSE,Title IX - Sexual Violence,8/12/2015
OH,THE OHIO STATE UNIVERSITY-MAIN CAMPUS,PSE,Title IX - Sexual Violence,8/8/2018
OH,UNIVERSITY OF AKRON,PSE,Title IX - Sexual Violence,5/25/2017
OH,UNIVERSITY OF CINCINNATI-MAIN CAMPUS,PSE,Title IX - Sexual Violence,2/17/2017
OH,UNIVERSITY OF TOLEDO,PSE,Title IX - Procedural Requirements,2/6/2018
OH,WESTERN BROWN LOCAL SCHOOL DISTRICT,ESE,Title IX - Procedural Requirements,6/22/2015
OH,WESTERN BROWN LOCAL SCHOOL DISTRICT,ESE,Title IX - Sexual Harassment,6/22/2015
OH,WRIGHT STATE UNIVERSITY-MAIN CAMPUS,PSE,Title IX - Denial of Benefits,9/27/2017
OH,YELLOW SPRINGS SCHOOLS,ESE,Title IX - Sexual Violence,4/1/2019
OK,KONAWA PUBLIC SCHOOLS,ESE,Title IX - Athletics,1/12/2017
OK,LANGSTON UNIVERSITY,PSE,Title IX - Denial of Benefits,7/23/2019
OK,LEXINGTON PUBLIC SCHOOLS,ESE,Title IX - Sexual Violence,12/8/2017
OK,LUTHER PUBLIC SCHOOLS,ESE,Title IX - Athletics,9/12/2014
OK,MUSTANG PUBLIC SCHOOLS,ESE,Title IX - Denial of Benefits,7/13/2017
OK,NORTHEASTERN STATE UNIVERSITY,PSE,Title IX - Athletics,9/21/2015
OK,NORTHEASTERN STATE UNIVERSITY,PSE,Title IX - Others,9/21/2015
OK,OAKDALE,ESE,Title IX - Sexual Violence,3/14/2019
OK,OKLAHOMA CITY PUBLIC SCHOOLS,ESE,Title IX - Athletics,11/28/2007
OK,OKLAHOMA PANHANDLE STATE UNIVERSITY,PSE,Title IX - Athletics,4/10/2008
OK,OKLAHOMA STATE UNIVERSITY,PSE,Title IX - Retaliation,1/23/2020
OK,OKLAHOMA STATE UNIVERSITY,PSE,Title IX - Sexual Harassment,1/23/2020
OK,OKLAHOMA STATE UNIVERSITY,PSE,Title IX - Sexual Violence,4/10/2014
OK,TULSA COMMUNITY COLLEGE,PSE,Title IX - Sexual Harassment,8/7/2019
OR,BEAVERTON SD 48J,ESE,Title IX - Procedural Requirements,6/28/2017
OR,BEAVERTON SD 48J,ESE,Title IX - Sexual Harassment,6/28/2017
OR,GRESHAM-BARLOW SD 10J,ESE,Title IX - Retaliation,4/26/2017
OR,GRESHAM-BARLOW SD 10J,ESE,Title IX - Sexual Harassment,4/26/2017
OR,HILLSBORO SD 1J,ESE,Title IX - Retaliation,4/4/2017
OR,HILLSBORO SD 1J,ESE,Title IX - Sexual Harassment,4/4/2017
OR,LEWIS & CLARK COLLEGE,PSE,Title IX - Retaliation,4/2/2019
OR,NORTHWEST CHRISTIAN UNIVERSITY,PSE,Title IX - Procedural Requirements,12/27/2017
OR,NORTHWEST CHRISTIAN UNIVERSITY,PSE,Title IX - Sexual Harassment,12/27/2017
OR,OREGON STATE DEPT. OF ED,ESE,Title IX - GT/STEM/CCR,11/18/2015
OR,OREGON STATE UNIVERSITY,PSE,Title IX - Procedural Requirements,4/17/2017
OR,OREGON STATE UNIVERSITY,PSE,Title IX - Sexual Violence,4/17/2017
OR,PORTLAND CC,PSE,Title IX - Gender Harassment,9/13/2017
OR,PORTLAND CC,PSE,Title IX - Retaliation,9/13/2017
OR,PORTLAND SD 1J,ESE,Title IX - Athletics,10/29/2019
OR,PORTLAND SD 1J,ESE,Title IX - Denial of Benefits,5/18/2016
OR,PORTLAND STATE UNIVERSITY,PSE,Title IX - Denial of Benefits,10/17/2017
OR,PORTLAND STATE UNIVERSITY,PSE,Title IX - Retaliation,10/17/2017
OR,REED COLLEGE,PSE,Title IX - Sexual Violence,1/25/2019
OR,SALEM-KEIZER SD 24J,ESE,Title IX - Athletics,3/3/2016
OR,SALEM-KEIZER SD 24J,ESE,Title IX - Discipline,9/7/2017
OR,SALEM-KEIZER SD 24J,ESE,Title IX - Gender Harassment,9/7/2017
OR,SALEM-KEIZER SD 24J,ESE,Title IX - Procedural Requirements,9/7/2017
OR,SALEM-KEIZER SD 24J,ESE,Title IX - Retaliation,9/7/2017
OR,SEASIDE SD 10,ESE,Title IX - Athletics,4/1/2019
PA,ALLEGHENY COLLEGE,PSE,Title IX - Sexual Violence,12/5/2014
PA,CARNEGIE MELLON UNIVERSITY,PSE,Title IX - Retaliation,6/28/2018
PA,CARNEGIE MELLON UNIVERSITY,PSE,Title IX - Sexual Violence,6/28/2018
PA,CHAMBERSBURG AREA SD,ESE,Title IX - Athletics,11/1/2019
PA,CHAMBERSBURG AREA SD,ESE,Title IX - Denial of Benefits,11/1/2019
PA,CLARION UNIVERSITY OF PENNSYLVANIA,PSE,Title IX - Sexual Violence,12/23/2019
PA,CORNWALL-LEBANON SD,ESE,Title IX - Sexual Harassment,1/21/2020
PA,DALLASTOWN AREA SD,ESE,Title IX - Retaliation,12/23/2019
PA,DALLASTOWN AREA SD,ESE,Title IX - Sexual Violence,12/23/2019
PA,DANVILLE AREA SD,ESE,Title IX - Gender Harassment,3/7/2019
PA,EAST STROUDSBURG UNIVERSITY OF PENNSYLVANIA,PSE,Title IX - Sexual Violence,4/8/2019
PA,ENVIRONMENTAL CHARTER SCHOOL,ESE,Title IX - Gender Harassment,7/30/2019
PA,ENVIRONMENTAL CHARTER SCHOOL,ESE,Title IX - Sexual Violence,7/30/2019
PA,FRANKLIN AND MARSHALL COLLEGE,PSE,Title IX - Sexual Violence,3/26/2014
PA,KINGS COLLEGE,PSE,Title IX - Sexual Violence,10/29/2019
PA,LINCOLN UNIVERSITY,PSE,Title IX - Athletics,7/7/2016
PA,MUHLENBERG COLLEGE,PSE,Title IX - Sexual Violence,12/13/2017
PA,PENNSYLVANIA STATE UNIVERSITY,PSE,Title IX - Sexual Harassment,1/23/2014
PA,PENNSYLVANIA STATE UNIVERSITY,PSE,Title IX - Sexual Violence,1/23/2014
PA,PITC INSTITUTE,PSE,Title IX - Procedural Requirements,6/26/2018
PA,PITC INSTITUTE,PSE,Title IX - Sexual Harassment,6/26/2018
PA,SWARTHMORE COLLEGE,PSE,Title IX - Procedural Requirements,7/12/2013
PA,SWARTHMORE COLLEGE,PSE,Title IX - Retaliation,7/12/2013
PA,SWARTHMORE COLLEGE,PSE,Title IX - Sexual Violence,7/12/2013
PA,UNIVERSITY OF PENNSYLVANIA,PSE,Title IX - Athletics,7/1/2019
PA,UNIVERSITY OF PENNSYLVANIA,PSE,Title IX - Denial of Benefits,7/1/2019
PA,UNIVERSITY OF PITTSBURGH,PSE,Title IX - Retaliation,10/30/2019
PA,UNIVERSITY OF PITTSBURGH,PSE,Title IX - Sexual Violence,10/30/2019
PA,UPPER DARBY SD,ESE,Title IX - Sexual Violence,11/22/2019
PA,URSINUS COLLEGE,PSE,Title IX - Sexual Violence,7/31/2017
PA,VALLEY FORGE MILITARY COLLEGE,PSE,Title IX - Retaliation,4/23/2015
PA,VALLEY FORGE MILITARY COLLEGE,PSE,Title IX - Sexual Violence,4/23/2015
PR,PUERTO RICO DEPARTMENT OF EDUCATION,ESE,Title IX - Gender Harassment,4/24/2017
PR,PUERTO RICO DEPARTMENT OF EDUCATION,ESE,Title IX - Retaliation,4/24/2017
PR,SAN JUAN BAUTISTA SCHOOL OF MEDICINE,PSE,Title IX - Denial of Benefits,5/16/2018
PR,SAN JUAN BAUTISTA SCHOOL OF MEDICINE,PSE,Title IX - Retaliation,5/16/2018
PR,SAN JUAN BAUTISTA SCHOOL OF MEDICINE,PSE,Title IX - Sexual Violence,5/16/2018
PR,SAN JUAN BAUTISTA SCHOOL OF MEDICINE,PSE,Title IX - Sexual Violence,2/11/2019
PR,UNIVERSIDAD DE PUERTO RICO,PSE,Title IX - Sexual Violence,9/14/2015
RI,BROWN UNIVERSITY,PSE,Title IX - Athletics,5/9/2017
RI,BROWN UNIVERSITY,PSE,Title IX - Dissemination of Policy,7/10/2014
RI,BROWN UNIVERSITY,PSE,Title IX - Dissemination of Policy,4/13/2017
RI,BROWN UNIVERSITY,PSE,Title IX - Others,4/12/2019
RI,BROWN UNIVERSITY,PSE,Title IX - Procedural Requirements,7/10/2014
RI,BROWN UNIVERSITY,PSE,Title IX - Procedural Requirements,4/13/2017
RI,BROWN UNIVERSITY,PSE,Title IX - Retaliation,4/13/2017
RI,BROWN UNIVERSITY,PSE,Title IX - Sexual Harassment,7/10/2014
RI,BROWN UNIVERSITY,PSE,Title IX - Sexual Harassment,4/13/2017
RI,BROWN UNIVERSITY,PSE,Title IX - Sexual Violence,7/10/2014
RI,CRANSTON SCH DIST,ESE,Title IX - Procedural Requirements,11/17/2014
RI,EXETER-WEST GREENWICH RSD,ESE,Title IX - Procedural Requirements,12/19/2019
RI,EXETER-WEST GREENWICH RSD,ESE,Title IX - Sexual Harassment,12/19/2019
RI,NEW ENGLAND INSTITUTE OF TECHNOLOGY,PSE,Title IX - Sexual Harassment,11/25/2019
RI,RHODE ISLAND SCHOOL OF DESIGN,PSE,Title IX - Retaliation,4/27/2017
RI,UNIVERSITY OF RHODE ISLAND,PSE,Title IX - Others,6/12/2019
SC,BEAUFORT COUNTY SCHOOL DISTRICT,ESE,Title IX - Denial of Benefits,11/9/2015
SC,CHARLESTON COUNTY SCHOOL DISTRICT,ESE,Title IX - Athletics,7/19/2018
SC,CHARLESTON COUNTY SCHOOL DISTRICT,ESE,Title IX - Sexual Violence,3/10/2017
SC,FLORENCE COUNTY SCHOOL DISTRICT 01,ESE,Title IX - Sexual Violence,2/17/2017
SC,FRANCIS MARION UNIVERSITY,PSE,Title IX - Sexual Violence,4/29/2019
SC,GREENVILLE COUNTY SCHOOL DISTRICT,ESE,Title IX - Denial of Benefits,8/5/2016
SC,GREENVILLE COUNTY SCHOOL DISTRICT,ESE,Title IX - Gender Harassment,8/5/2016
SC,GREENVILLE COUNTY SCHOOL DISTRICT,ESE,Title IX - Procedural Requirements,8/5/2016
SC,LANCASTER COUNTY SCHOOL DISTRICT,ESE,Title IX - Sexual Harassment,9/17/2019
SC,RICHLAND COUNTY SCHOOL DISTRICT 02,ESE,Title IX - Sexual Violence,6/28/2016
SC,UNIVERSITY OF SOUTH CAROLINA AT COLUMBIA,PSE,Title IX - Retaliation,1/28/2019
SC,UNIVERSITY OF SOUTH CAROLINA AT COLUMBIA,PSE,Title IX - Sexual Violence,1/28/2019
SC,WINTHROP UNIVERSITY,PSE,Title IX - Sexual Violence,1/7/2019
SC,WOFFORD COLLEGE,PSE,Title IX - Sexual Violence,3/7/2017
SD,CHEYENNE-EAGLE BUTTE SCHOOL,ESE,Title IX - Sexual Violence,1/30/2015
SD,CROW CREEK TRIBAL SCHOOL,ESE,Title IX - Sexual Harassment,7/25/2016
SD,DAKOTA STATE UNIVERSITY,PSE,Title IX - Others,10/10/2019
TN,CHEATHAM COUNTY SCHOOL DISTRCT,ESE,Title IX - Athletics,12/1/2016
TN,EAST TENNESSEE STATE UNIVERSITY,PSE,Title IX - Retaliation,9/10/2018
TN,EAST TENNESSEE STATE UNIVERSITY,PSE,Title IX - Sexual Harassment,9/10/2018
TN,HAMILTON COUNTY SCHOOL DISTRCT,ESE,Title IX - Discipline,9/26/2017
TN,HENRY COUNTY SCHOOL DISTRICT,ESE,Title IX - Sexual Harassment,9/19/2017
TN,JOHNSON CITY SCHOOL DISTRICT,ESE,Title IX - Athletics,11/9/2015
TN,KNOX COUNTY SCHOOL DISTRICT,ESE,Title IX - Athletics,11/16/2017
TN,LANE COLLEGE,PSE,Title IX - Sexual Harassment,9/28/2017
TN,LINCOLN MEMORIAL UNIVERSITY,PSE,Title IX - Sexual Harassment,9/28/2017
TN,LINCOLN MEMORIAL UNIVERSITY,PSE,Title IX - Sexual Violence,9/15/2017
TN,MARYVILLE COLLEGE,PSE,Title IX - Athletics,1/30/2018
TN,MEHARRY MEDICAL COLLEGE,PSE,Title IX - Retaliation,5/21/2018
TN,MIDDLE TENNESSEE STATE UNIVERSITY,PSE,Title IX - Athletics,3/8/2016
TN,MOTLOW STATE COMMUNITY COLLEGE,PSE,Title IX - Athletics,9/20/2013
TN,POLK COUNTY SCHOOL DISTRICT,ESE,Title IX - Retaliation,11/11/2015
TN,POLK COUNTY SCHOOL DISTRICT,ESE,Title IX - Sexual Harassment,11/11/2015
TN,RHODES COLLEGE,PSE,Title IX - Procedural Requirements,6/1/2016
TN,RHODES COLLEGE,PSE,Title IX - Retaliation,10/19/2018
TN,RHODES COLLEGE,PSE,Title IX - Sexual Harassment,10/19/2018
TN,RHODES COLLEGE,PSE,Title IX - Sexual Violence,6/1/2016
TN,SHELBY COUNTY SCHOOL DISTRICT,ESE,Title IX - Discipline,1/28/2016
TN,SOUTHWEST TENNESSEE COMMUNITY COLLEGE,PSE,Title IX - Procedural Requirements,2/12/2016
TN,SOUTHWEST TENNESSEE COMMUNITY COLLEGE,PSE,Title IX - Retaliation,2/12/2016
TN,SOUTHWEST TENNESSEE COMMUNITY COLLEGE,PSE,Title IX - Sexual Violence,2/12/2016
TN,SUMNER COUNTY SCHOOL DISTRICT,ESE,Title IX - Retaliation,8/22/2019
TN,SUMNER COUNTY SCHOOL DISTRICT,ESE,Title IX - Sexual Violence,8/22/2019
TN,TENNESSEE DEPARTMENT OF EDUCATION,ESE,Title IX - GT/STEM/CCR,11/24/2017
TN,TENNESSEE STATE UNIVERSITY,PSE,Title IX - Denial of Benefits,10/22/2015
TN,TENNESSEE STATE UNIVERSITY,PSE,Title IX - Retaliation,10/22/2015
TN,TUSCULUM COLLEGE,PSE,Title IX - Procedural Requirements,4/1/2019
TN,TUSCULUM COLLEGE,PSE,Title IX - Retaliation,4/1/2019
TN,UNIVERSITY OF TENNESSEE,PSE,Title IX - Retaliation,6/29/2015
TN,UNIVERSITY OF TENNESSEE,PSE,Title IX - Retaliation,7/21/2015
TN,UNIVERSITY OF TENNESSEE,PSE,Title IX - Sexual Violence,6/29/2015
TN,UNIVERSITY OF TENNESSEE,PSE,Title IX - Sexual Violence,7/21/2015
TN,UNIVERSITY OF TENNESSEE @ CHATTANOOGA,PSE,Title IX - Procedural Requirements,12/5/2014
TN,UNIVERSITY OF TENNESSEE @ CHATTANOOGA,PSE,Title IX - Sexual Violence,12/5/2014
TN,UNIVERSITY OF TENNESSEE @ CHATTANOOGA,PSE,Title IX - Sexual Violence,10/22/2018
TN,VANDERBILT UNIVERSITY,PSE,Title IX - Procedural Requirements,3/12/2014
TN,VANDERBILT UNIVERSITY,PSE,Title IX - Retaliation,9/29/2016
TN,VANDERBILT UNIVERSITY,PSE,Title IX - Retaliation,1/13/2017
TN,VANDERBILT UNIVERSITY,PSE,Title IX - Sexual Harassment,10/13/2017
TN,VANDERBILT UNIVERSITY,PSE,Title IX - Sexual Violence,3/12/2014
TN,VANDERBILT UNIVERSITY,PSE,Title IX - Sexual Violence,1/13/2017
TN,VANDERBILT UNIVERSITY,PSE,Title IX - Sexual Violence,11/27/2018
TX,ATHLOS LEADERSHIP ACADEMY,ESE,Title IX - Gender Harassment,5/25/2017
TX,AUSTIN ISD,ESE,Title IX - Sexual Harassment,11/15/2016
TX,AXTELL ISD,ESE,Title IX - Athletics,6/9/2016
TX,AXTELL ISD,ESE,Title IX - Sexual Harassment,12/1/2017
TX,BAYLOR UNIVERSITY,PSE,Title IX - Retaliation,4/2/2018
TX,BAYLOR UNIVERSITY,PSE,Title IX - Sexual Harassment,4/2/2018
TX,BAYLOR UNIVERSITY,PSE,Title IX - Sexual Violence,10/18/2016
TX,BECKVILLE ISD,ESE,Title IX - Discipline,4/9/2019
TX,BECKVILLE ISD,ESE,Title IX - Sexual Violence,4/9/2019
TX,BOERNE ISD,ESE,Title IX - Athletics,8/30/2016
TX,BROWNSVILLE ISD,ESE,Title IX - Athletics,11/19/2014
TX,BROWNSVILLE ISD,ESE,Title IX - Denial of Benefits,7/21/2016
TX,CONROE ISD,ESE,Title IX - Sexual Harassment,7/31/2017
TX,COPPELL ISD,ESE,Title IX - Retaliation,11/8/2018
TX,COPPELL ISD,ESE,Title IX - Sexual Harassment,11/8/2018
TX,CROWLEY ISD,ESE,Title IX - Athletics,2/27/2017
TX,CYPRESS-FAIRBANKS ISD,ESE,Title IX - Denial of Benefits,4/24/2019
TX,CYPRESS-FAIRBANKS ISD,ESE,Title IX - Sexual Violence,1/21/2020
TX,DALLAS ISD,ESE,Title IX - Sexual Violence,8/10/2016
TX,DEL MAR COLLEGE,PSE,Title IX - Denial of Benefits,3/19/2015
TX,EDINBURG CISD,ESE,Title IX - Procedural Requirements,10/31/2017
TX,EDINBURG CISD,ESE,Title IX - Sexual Violence,10/31/2017
TX,EL PASO ISD,ESE,Title IX - Gender Harassment,11/23/2015
TX,FORT BEND ISD,ESE,Title IX - Admissions,3/15/2016
TX,FORT BEND ISD,ESE,Title IX - Denial of Benefits,3/15/2016
TX,FRENSHIP ISD,ESE,Title IX - Sexual Violence,5/25/2016
TX,FRISCO ISD,ESE,Title IX - Denial of Benefits,3/16/2017
TX,GALENA PARK ISD,ESE,Title IX - Retaliation,7/19/2017
TX,GALENA PARK ISD,ESE,Title IX - Sexual Harassment,7/19/2017
TX,GOLIAD ISD,ESE,Title IX - Retaliation,1/27/2016
TX,GOLIAD ISD,ESE,Title IX - Sexual Harassment,1/27/2016
TX,GOLIAD ISD,ESE,Title IX - Sexual Violence,1/27/2016
TX,HAWLEY ISD,ESE,Title IX - Athletics,10/29/2018
TX,HAWLEY ISD,ESE,Title IX - Denial of Benefits,10/29/2018
TX,HILL COLLEGE- GLEN ROSE,PSE,Title IX - Retaliation,4/18/2017
TX,HILL COLLEGE- GLEN ROSE,PSE,Title IX - Sexual Harassment,4/18/2017
TX,HOUSTON COMMUNITY COLLEGE SYSTEM,PSE,Title IX - Retaliation,11/12/2019
TX,HOUSTON COMMUNITY COLLEGE SYSTEM,PSE,Title IX - Sexual Harassment,11/12/2019
TX,HUMBLE ISD,ESE,Title IX - Athletics,4/2/2018
TX,HUMBLE ISD,ESE,Title IX - Discipline,4/2/2018
TX,JIM NED CONS ISD,ESE,Title IX - Athletics,2/27/2017
TX,JIM NED CONS ISD,ESE,Title IX - Others,2/27/2017
TX,JIM NED CONS ISD,ESE,Title IX - Retaliation,2/27/2017
TX,JOHNSON CITY ISD,ESE,Title IX - Retaliation,1/14/2019
TX,JOHNSON CITY ISD,ESE,Title IX - Sexual Harassment,1/14/2019
TX,KATY ISD,ESE,Title IX - Denial of Benefits,5/15/2018
TX,KATY ISD,ESE,Title IX - Gender Harassment,2/1/2018
TX,KATY ISD,ESE,Title IX - Retaliation,2/1/2018
TX,LAKE TRAVIS ISD,ESE,Title IX - Sexual Harassment,1/13/2017
TX,LEANDER ISD,ESE,Title IX - Sexual Harassment,2/13/2019
TX,MIDLAND ISD,ESE,Title IX - Others,7/29/2019
TX,NEWMAN INTERNATIONAL ACADEMY,ESE,Title IX - Retaliation,8/16/2016
TX,NEWMAN INTERNATIONAL ACADEMY,ESE,Title IX - Sexual Harassment,8/16/2016
TX,NORTH EAST ISD,ESE,Title IX - Athletics,6/28/2017
TX,OUR LADY OF THE LAKE UNIVERSITY - SAN ANTONIO,PSE,Title IX - Procedural Requirements,1/22/2016
TX,OUR LADY OF THE LAKE UNIVERSITY - SAN ANTONIO,PSE,Title IX - Retaliation,1/22/2016
TX,PALO ALTO COLLEGE,PSE,Title IX - Denial of Benefits,2/17/2017
TX,PFLUGERVILLE ISD,ESE,Title IX - Sexual Violence,7/12/2019
TX,PLANO ISD,ESE,Title IX - Sexual Harassment,11/26/2019
TX,PLEASANT GROVE ISD,ESE,Title IX - Retaliation,5/24/2019
TX,RICE UNIVERSITY,PSE,Title IX - Others,7/30/2019
TX,SANTA FE ISD,ESE,Title IX - Gender Harassment,4/13/2018
TX,SANTA FE ISD,ESE,Title IX - Retaliation,4/13/2018
TX,SILSBEE ISD,ESE,Title IX - Sexual Violence,4/25/2017
TX,SOUTHWESTERN UNIVERSITY,PSE,Title IX - Dissemination of Policy,2/18/2016
TX,SOUTHWESTERN UNIVERSITY,PSE,Title IX - Procedural Requirements,2/18/2016
TX,SOUTHWESTERN UNIVERSITY,PSE,Title IX - Sexual Violence,2/18/2016
TX,TEXAS A AND M UNIVERSITY - MAIN CAMPUS,PSE,Title IX - Sexual Violence,3/18/2015
TX,TEXAS HIGHER ED COORD BOARD,PSE,Title IX - Dissemination of Policy,12/7/2015
TX,TEXAS HIGHER ED COORD BOARD,PSE,Title IX - Procedural Requirements,12/7/2015
TX,TEXAS TECH UNIVERSITY,PSE,Title IX - Others,10/11/2019
TX,TEXAS TECH UNIVERSITY,PSE,Title IX - Procedural Requirements,9/12/2017
TX,TEXAS TECH UNIVERSITY,PSE,Title IX - Retaliation,4/4/2017
TX,TEXAS TECH UNIVERSITY,PSE,Title IX - Sexual Violence,9/12/2017
TX,THE UNIVERSITY OF TEXAS AT ARLINGTON,PSE,Title IX - Denial of Benefits,12/8/2016
TX,THE UNIVERSITY OF TEXAS AT SAN ANTONIO,PSE,Title IX - Sexual Violence,8/1/2017
TX,THE UNIVERSITY OF TEXAS AT TYLER,PSE,Title IX - Denial of Benefits,6/6/2018
TX,THE UNIVERSITY OF TEXAS AT TYLER,PSE,Title IX - Retaliation,6/6/2018
TX,THE UNIVERSITY OF TEXAS HEALTH SCIENCE CENTER,PSE,Title IX - Sexual Violence,2/24/2016
TX,THE UNIVERSITY OF TEXAS SYSTEM OFFICE,PSE,Title IX - Procedural Requirements,4/22/2016
TX,TRINITY UNIVERSITY,PSE,Title IX - Sexual Violence,7/31/2015
TX,UNIVERSITY OF NORTH TEXAS - DENTON,PSE,Title IX - Retaliation,9/6/2016
TX,UNIVERSITY OF NORTH TEXAS - DENTON,PSE,Title IX - Sexual Harassment,4/19/2017
TX,UNIVERSITY OF NORTH TEXAS - DENTON,PSE,Title IX - Sexual Violence,9/6/2016
TX,UNIVERSITY OF TEXAS - AUSTIN,PSE,Title IX - Denial of Benefits,6/15/2018
TX,UNIVERSITY OF TEXAS - AUSTIN,PSE,Title IX - Retaliation,9/18/2014
TX,UNIVERSITY OF TEXAS - AUSTIN,PSE,Title IX - Retaliation,6/15/2018
TX,UNIVERSITY OF TEXAS - AUSTIN,PSE,Title IX - Retaliation,10/5/2018
TX,UNIVERSITY OF TEXAS - AUSTIN,PSE,Title IX - Retaliation,11/25/2019
TX,UNIVERSITY OF TEXAS ELEMENTARY SCHOOL,ESE,Title IX - Retaliation,6/20/2017
TX,VILLAGE TECH SCHOOLS,ESE,Title IX - Sexual Harassment,11/1/2019
UT,DAVIS SCHOOL DISTRICT,ESE,Title IX - Procedural Requirements,7/19/2016
UT,DAVIS SCHOOL DISTRICT,ESE,Title IX - Sexual Violence,7/19/2016
UT,LINCOLN ACADEMY,ESE,Title IX - Procedural Requirements,10/16/2019
UT,PROVO SCHOOL DISTRICT,ESE,Title IX - Gender Harassment,4/16/2014
UT,PROVO SCHOOL DISTRICT,ESE,Title IX - Procedural Requirements,4/16/2014
UT,PROVO SCHOOL DISTRICT,ESE,Title IX - Retaliation,4/16/2014
UT,SAN JUAN SCHOOL DISTRICT,ESE,Title IX - Discipline,5/3/2010
UT,UNIVERSITY OF UTAH,PSE,Title IX - Denial of Benefits,3/20/2018
UT,UNIVERSITY OF UTAH,PSE,Title IX - Procedural Requirements,3/20/2018
UT,UNIVERSITY OF UTAH,PSE,Title IX - Retaliation,3/20/2018
VA,BLUEFIELD COLLEGE,PSE,Title IX - Athletics,5/10/2018
VA,CHESTERFIELD COUNTY PUBLIC SCHOOLS,ESE,Title IX - Denial of Benefits,7/18/2016
VA,CHESTERFIELD COUNTY PUBLIC SCHOOLS,ESE,Title IX - Procedural Requirements,7/18/2016
VA,CHESTERFIELD COUNTY PUBLIC SCHOOLS,ESE,Title IX - Procedural Requirements,6/25/2018
VA,CHESTERFIELD COUNTY PUBLIC SCHOOLS,ESE,Title IX - Retaliation,6/25/2018
VA,CHESTERFIELD COUNTY PUBLIC SCHOOLS,ESE,Title IX - Sexual Harassment,6/25/2018
VA,COLLEGE OF WILLIAM AND MARY,PSE,Title IX - Retaliation,8/15/2017
VA,COLLEGE OF WILLIAM AND MARY,PSE,Title IX - Retaliation,8/6/2018
VA,COLLEGE OF WILLIAM AND MARY,PSE,Title IX - Sexual Violence,8/15/2017
VA,COLLEGE OF WILLIAM AND MARY,PSE,Title IX - Sexual Violence,8/6/2018
VA,FAIRFAX COUNTY PUBLIC SCHOOLS,ESE,Title IX - Sexual Harassment,11/2/2017
VA,FAIRFAX COUNTY PUBLIC SCHOOLS,ESE,Title IX - Sexual Violence,10/6/2015
VA,GEORGE MASON UNIVERSITY,PSE,Title IX - Sexual Harassment,3/29/2018
VA,GEORGE MASON UNIVERSITY,PSE,Title IX - Sexual Violence,9/12/2016
VA,HAMPTON UNIVERSITY,PSE,Title IX - Retaliation,11/25/2019
VA,HAMPTON UNIVERSITY,PSE,Title IX - Sexual Violence,8/31/2017
VA,HANOVER COUNTY PUBLIC SCHOOLS,ESE,Title IX - Sexual Violence,11/7/2017
VA,HENRICO COUNTY PUBLIC SCHOOLS,ESE,Title IX - Sexual Violence,7/17/2017
VA,LIBERTY UNIVERSITY,PSE,Title IX - Retaliation,6/3/2015
VA,LONGWOOD UNIVERSITY,PSE,Title IX - Retaliation,9/21/2017
VA,LONGWOOD UNIVERSITY,PSE,Title IX - Sexual Violence,9/21/2017
VA,PRINCE WILLIAM COUNTY PUBLIC SCHOOLS,ESE,Title IX - Gender Harassment,7/19/2017
VA,RANDOLPH COLLEGE,PSE,Title IX - Procedural Requirements,2/5/2019
VA,RANDOLPH COLLEGE,PSE,Title IX - Retaliation,1/9/2019
VA,RANDOLPH COLLEGE,PSE,Title IX - Sexual Violence,1/9/2019
VA,UNIVERSITY OF MARY WASHINGTON,PSE,Title IX - Sexual Violence,11/30/2016
VA,UNIVERSITY OF VIRGINIA-MAIN CAMPUS,PSE,Title IX - Sexual Violence,7/22/2016
VA,UNIVERSITY OF VIRGINIA-MAIN CAMPUS,PSE,Title IX - Sexual Violence,2/8/2018
VA,UNIVERSITY OF VIRGINIA-MAIN CAMPUS,PSE,Title IX - Sexual Violence,4/29/2019
VA,VIRGINIA BEACH CITY PUBLIC SCHOOLS,ESE,Title IX - Sexual Harassment,5/19/2015
VA,VIRGINIA COMMONWEALTH UNIVERSITY,PSE,Title IX - Sexual Violence,12/8/2015
VA,WINCHESTER CITY PUBLIC SCHOOLS,ESE,Title IX - Sexual Violence,1/7/2019
VI,UNIVERSITY OF THE VIRGIN ISLANDS,PSE,Title IX - Retaliation,10/23/2017
VT,THE UNIVERSITY OF VERMONT,PSE,Title IX - Procedural Requirements,8/2/2017
VT,THE UNIVERSITY OF VERMONT,PSE,Title IX - Sexual Violence,8/2/2017
WA,ASOTIN-ANATONE SD NO. 420,ESE,Title IX - Dissemination of Policy,1/18/2017
WA,ASOTIN-ANATONE SD NO. 420,ESE,Title IX - Procedural Requirements,1/18/2017
WA,ASOTIN-ANATONE SD NO. 420,ESE,Title IX - Sexual Violence,1/18/2017
WA,BELLEVUE SD NO. 405,ESE,Title IX - Gender Harassment,5/15/2015
WA,CLARKSTON SD NO. J250-185,ESE,Title IX - Sexual Harassment,3/24/2017
WA,CLOVER PARK SD NO. 400,ESE,Title IX - Denial of Benefits,6/14/2016
WA,EASTERN WASHINGTON UNIVERSITY,PSE,Title IX - Denial of Benefits,12/1/2016
WA,EASTERN WASHINGTON UNIVERSITY,PSE,Title IX - Procedural Requirements,12/1/2016
WA,EASTERN WASHINGTON UNIVERSITY,PSE,Title IX - Procedural Requirements,5/5/2017
WA,EASTERN WASHINGTON UNIVERSITY,PSE,Title IX - Retaliation,12/1/2016
WA,EASTERN WASHINGTON UNIVERSITY,PSE,Title IX - Retaliation,5/5/2017
WA,EASTERN WASHINGTON UNIVERSITY,PSE,Title IX - Sexual Violence,12/1/2016
WA,EDMONDS CC,PSE,Title IX - Sexual Violence,5/19/2016
WA,FEDERAL WAY SD NO. 210,ESE,Title IX - Denial of Benefits,5/9/2014
WA,FEDERAL WAY SD NO. 210,ESE,Title IX - Discipline,5/9/2014
WA,GRAYS HARBOR COLLEGE,PSE,Title IX - Gender Harassment,1/13/2017
WA,GRAYS HARBOR COLLEGE,PSE,Title IX - Procedural Requirements,1/13/2017
WA,GRAYS HARBOR COLLEGE,PSE,Title IX - Sexual Harassment,1/13/2017
WA,MERCER ISLAND SD NO. 400,ESE,Title IX - Discipline,9/17/2015
WA,PENINSULA SD NO. 401,ESE,Title IX - Sexual Violence,3/4/2016
WA,RICHLAND SD NO. 400,ESE,Title IX - Denial of Benefits,4/20/2017
WA,RICHLAND SD NO. 400,ESE,Title IX - Discipline,4/20/2017
WA,RICHLAND SD NO. 400,ESE,Title IX - Retaliation,4/20/2017
WA,RICHLAND SD NO. 400,ESE,Title IX - Sexual Harassment,4/20/2017
WA,SEATTLE SD NO. 1,ESE,Title IX - Athletics,5/2/2019
WA,WASHINGTON STATE UNIVERSITY,PSE,Title IX - Retaliation,1/25/2018
WA,WESTERN WASHINGTON UNIVERSITY,PSE,Title IX - Procedural Requirements,4/17/2015
WA,WESTERN WASHINGTON UNIVERSITY,PSE,Title IX - Sexual Violence,4/17/2015
WA,WESTERN WASHINGTON UNIVERSITY,PSE,Title IX - Sexual Violence,11/5/2015
WA,WHITMAN COLLEGE,PSE,Title IX - Sexual Violence,11/7/2014
WA,WHITWORTH UNIVERSITY,PSE,Title IX - Procedural Requirements,5/10/2016
WA,WHITWORTH UNIVERSITY,PSE,Title IX - Retaliation,5/10/2016
WA,WHITWORTH UNIVERSITY,PSE,Title IX - Sexual Violence,5/10/2016
WI,DELAVAN-DARIEN,ESE,Title IX - Sexual Violence,5/8/2018
WI,LAKE COUNTRY,ESE,Title IX - Sexual Harassment,6/14/2019
WI,LAKE COUNTRY,ESE,Title IX - Sexual Harassment,1/16/2020
WI,LAWRENCE UNIVERSITY,PSE,Title IX - Sexual Violence,6/25/2018
WI,MILWAUKEE PUBLIC SCHOOLS,ESE,Title IX - Sexual Violence,5/9/2018
WI,OSHKOSH AREA,ESE,Title IX - Denial of Benefits,3/10/2016
WI,UNIVERSITY OF WISCONSIN-LA CROSSE,PSE,Title IX - Sexual Violence,7/2/2019
WI,UNIVERSITY OF WISCONSIN-MADISON,PSE,Title IX - Sexual Violence,2/24/2015
WI,UNIVERSITY OF WISCONSIN-MADISON,PSE,Title IX - Sexual Violence,8/12/2015
WI,UNIVERSITY OF WISCONSIN-MADISON,PSE,Title IX - Sexual Violence,11/18/2015
WI,UNIVERSITY OF WISCONSIN-STOUT,PSE,Title IX - Others,6/14/2019
WV,BETHANY COLLEGE,PSE,Title IX - Sexual Violence,4/28/2014
WV,JAMES RUMSEY TECHNICAL INSTITUTE,PSE,Title IX - Sexual Violence,7/19/2016
WV,JEFFERSON COUNTY SCHOOL DISTRICT,ESE,Title IX - Sexual Violence,10/2/2019
WV,MARSHALL UNIVERSITY,PSE,Title IX - Sexual Harassment,4/9/2018
WV,MARSHALL UNIVERSITY,PSE,Title IX - Sexual Violence,11/19/2019
WV,PUTNAM COUNTY SCHOOL DISTRICT,ESE,Title IX - Others,2/2/2015
WV,PUTNAM COUNTY SCHOOL DISTRICT,ESE,Title IX - Retaliation,2/2/2015
WV,PUTNAM COUNTY SCHOOL DISTRICT,ESE,Title IX - Sexual Harassment,2/2/2015
WV,PUTNAM COUNTY SCHOOL DISTRICT,ESE,Title IX - Sexual Violence,2/2/2015
WY,UNIVERSITY OF WYOMING,PSE,Title IX - Retaliation,7/6/2017
WY,UNIVERSITY OF WYOMING,PSE,Title IX - Sexual Violence,7/6/2017